idna_subject,checker_type,destination,source,tested_at,session_id
101com.com,AVAILABILITY,origin.list,origin.list,2022-12-31 05:23:16.822298,6e39bf7f3a2aa84fcd770ccd
123found.com,AVAILABILITY,origin.list,origin.list,2022-12-31 05:23:17.023296,6e39bf7f3a2aa84fcd770ccd
180hits.de,AVAILABILITY,origin.list,origin.list,2022-12-31 05:23:17.362016,6e39bf7f3a2aa84fcd770ccd
1x1rank.com,AVAILABILITY,origin.list,origin.list,2022-12-31 05:23:17.803623,6e39bf7f3a2aa84fcd770ccd
140proof.com,AVAILABILITY,origin.list,origin.list,2022-12-31 05:23:18.007168,6e39bf7f3a2aa84fcd770ccd
207.net,AVAILABILITY,origin.list,origin.list,2022-12-31 05:23:18.034123,6e39bf7f3a2aa84fcd770ccd
24log.com,AVAILABILITY,origin.list,origin.list,2022-12-31 05:23:19.051174,6e39bf7f3a2aa84fcd770ccd
24log.de,AVAILABILITY,origin.list,origin.list,2022-12-31 05:23:19.375801,6e39bf7f3a2aa84fcd770ccd
24pm-affiliation.com,AVAILABILITY,origin.list,origin.list,2022-12-31 05:23:19.503740,6e39bf7f3a2aa84fcd770ccd
180searchassistant.com,AVAILABILITY,origin.list,origin.list,2022-12-31 05:23:19.667517,6e39bf7f3a2aa84fcd770ccd
2mdn.net,AVAILABILITY,origin.list,origin.list,2022-12-31 05:23:19.861823,6e39bf7f3a2aa84fcd770ccd
2o7.net,AVAILABILITY,origin.list,origin.list,2022-12-31 05:23:20.210257,6e39bf7f3a2aa84fcd770ccd
3cinteractive.com,AVAILABILITY,origin.list,origin.list,2022-12-31 05:23:21.792453,6e39bf7f3a2aa84fcd770ccd
360yield.com,AVAILABILITY,origin.list,origin.list,2022-12-31 05:23:21.947994,6e39bf7f3a2aa84fcd770ccd
4d5.net,AVAILABILITY,origin.list,origin.list,2022-12-31 05:23:22.733367,6e39bf7f3a2aa84fcd770ccd
4affiliate.net,AVAILABILITY,origin.list,origin.list,2022-12-31 05:23:23.014497,6e39bf7f3a2aa84fcd770ccd
4mads.com,AVAILABILITY,origin.list,origin.list,2022-12-31 05:23:23.590367,6e39bf7f3a2aa84fcd770ccd
50websads.com,AVAILABILITY,origin.list,origin.list,2022-12-31 05:23:24.255666,6e39bf7f3a2aa84fcd770ccd
518ad.com,AVAILABILITY,origin.list,origin.list,2022-12-31 05:23:24.874046,6e39bf7f3a2aa84fcd770ccd
5thfinger.com,AVAILABILITY,origin.list,origin.list,2022-12-31 05:23:26.357661,6e39bf7f3a2aa84fcd770ccd
101order.com,AVAILABILITY,origin.list,origin.list,2022-12-31 05:23:26.723226,6e39bf7f3a2aa84fcd770ccd
600z.com,AVAILABILITY,origin.list,origin.list,2022-12-31 05:23:27.428684,6e39bf7f3a2aa84fcd770ccd
247media.com,AVAILABILITY,origin.list,origin.list,2022-12-31 05:23:28.426634,6e39bf7f3a2aa84fcd770ccd
777seo.com,AVAILABILITY,origin.list,origin.list,2022-12-31 05:23:28.887622,6e39bf7f3a2aa84fcd770ccd
777partner.com,AVAILABILITY,origin.list,origin.list,2022-12-31 05:23:29.349949,6e39bf7f3a2aa84fcd770ccd
77tracking.com,AVAILABILITY,origin.list,origin.list,2022-12-31 05:23:29.775904,6e39bf7f3a2aa84fcd770ccd
7search.com,AVAILABILITY,origin.list,origin.list,2022-12-31 05:23:30.075749,6e39bf7f3a2aa84fcd770ccd
980media.com,AVAILABILITY,origin.list,origin.list,2022-12-31 05:23:30.563555,6e39bf7f3a2aa84fcd770ccd
7bpeople.com,AVAILABILITY,origin.list,origin.list,2022-12-31 05:23:31.300792,6e39bf7f3a2aa84fcd770ccd
4info.com,AVAILABILITY,origin.list,origin.list,2022-12-31 05:23:32.587828,6e39bf7f3a2aa84fcd770ccd
a-ads.com,AVAILABILITY,origin.list,origin.list,2022-12-31 05:23:33.047246,6e39bf7f3a2aa84fcd770ccd
51yes.com,AVAILABILITY,origin.list,origin.list,2022-12-31 05:23:33.262944,6e39bf7f3a2aa84fcd770ccd
a-counter.kiev.ua,AVAILABILITY,origin.list,origin.list,2022-12-31 05:23:33.527190,6e39bf7f3a2aa84fcd770ccd
a.aproductmsg.com,AVAILABILITY,origin.list,origin.list,2022-12-31 05:23:34.275220,6e39bf7f3a2aa84fcd770ccd
a.mktw.net,AVAILABILITY,origin.list,origin.list,2022-12-31 05:23:34.527934,6e39bf7f3a2aa84fcd770ccd
a.ucoz.net,AVAILABILITY,origin.list,origin.list,2022-12-31 05:23:35.745436,6e39bf7f3a2aa84fcd770ccd
a.ucoz.ru,AVAILABILITY,origin.list,origin.list,2022-12-31 05:23:36.864186,6e39bf7f3a2aa84fcd770ccd
a.xanga.com,AVAILABILITY,origin.list,origin.list,2022-12-31 05:23:37.570982,6e39bf7f3a2aa84fcd770ccd
a.sakh.com,AVAILABILITY,origin.list,origin.list,2022-12-31 05:23:38.537901,6e39bf7f3a2aa84fcd770ccd
a9.com,AVAILABILITY,origin.list,origin.list,2022-12-31 05:23:39.101040,6e39bf7f3a2aa84fcd770ccd
aarki.com,AVAILABILITY,origin.list,origin.list,2022-12-31 05:23:40.253171,6e39bf7f3a2aa84fcd770ccd
adsatt.abcnews.starwave.com,AVAILABILITY,origin.list,origin.list,2022-12-31 05:23:41.451354,6e39bf7f3a2aa84fcd770ccd
abc-ads.com,AVAILABILITY,origin.list,origin.list,2022-12-31 05:23:41.969504,6e39bf7f3a2aa84fcd770ccd
adsatt.go.starwave.com,AVAILABILITY,origin.list,origin.list,2022-12-31 05:23:42.104539,6e39bf7f3a2aa84fcd770ccd
aaddzz.com,AVAILABILITY,origin.list,origin.list,2022-12-31 05:23:42.664594,6e39bf7f3a2aa84fcd770ccd
absoluteclickscom.com,AVAILABILITY,origin.list,origin.list,2022-12-31 05:23:42.741975,6e39bf7f3a2aa84fcd770ccd
99count.com,AVAILABILITY,origin.list,origin.list,2022-12-31 05:23:42.800025,6e39bf7f3a2aa84fcd770ccd
acsseo.com,AVAILABILITY,origin.list,origin.list,2022-12-31 05:23:43.870058,6e39bf7f3a2aa84fcd770ccd
acento.com,AVAILABILITY,origin.list,origin.list,2022-12-31 05:23:44.523390,6e39bf7f3a2aa84fcd770ccd
actionsplash.com,AVAILABILITY,origin.list,origin.list,2022-12-31 05:23:44.590784,6e39bf7f3a2aa84fcd770ccd
abz.com,AVAILABILITY,origin.list,origin.list,2022-12-31 05:23:45.052567,6e39bf7f3a2aa84fcd770ccd
ad-balancer.at,AVAILABILITY,origin.list,origin.list,2022-12-31 05:23:45.488150,6e39bf7f3a2aa84fcd770ccd
acuityads.com,AVAILABILITY,origin.list,origin.list,2022-12-31 05:23:45.623358,6e39bf7f3a2aa84fcd770ccd
actualdeals.com,AVAILABILITY,origin.list,origin.list,2022-12-31 05:23:45.785635,6e39bf7f3a2aa84fcd770ccd
ad-balancer.net,AVAILABILITY,origin.list,origin.list,2022-12-31 05:23:45.926194,6e39bf7f3a2aa84fcd770ccd
ad-center.com,AVAILABILITY,origin.list,origin.list,2022-12-31 05:23:46.074431,6e39bf7f3a2aa84fcd770ccd
ad-check.disconnect.me,AVAILABILITY,origin.list,origin.list,2022-12-31 05:23:46.224218,6e39bf7f3a2aa84fcd770ccd
ad-pay.de,AVAILABILITY,origin.list,origin.list,2022-12-31 05:23:46.506922,6e39bf7f3a2aa84fcd770ccd
ad-rotator.com,AVAILABILITY,origin.list,origin.list,2022-12-31 05:23:46.555744,6e39bf7f3a2aa84fcd770ccd
ad-server.gulasidorna.se,AVAILABILITY,origin.list,origin.list,2022-12-31 05:23:46.628419,6e39bf7f3a2aa84fcd770ccd
ad-serverparc.nl,AVAILABILITY,origin.list,origin.list,2022-12-31 05:23:46.937830,6e39bf7f3a2aa84fcd770ccd
ad-souk.com,AVAILABILITY,origin.list,origin.list,2022-12-31 05:23:47.003984,6e39bf7f3a2aa84fcd770ccd
ad-space.net,AVAILABILITY,origin.list,origin.list,2022-12-31 05:23:47.036451,6e39bf7f3a2aa84fcd770ccd
ad-tech.com,AVAILABILITY,origin.list,origin.list,2022-12-31 05:23:47.383902,6e39bf7f3a2aa84fcd770ccd
ad-up.com,AVAILABILITY,origin.list,origin.list,2022-12-31 05:23:47.447327,6e39bf7f3a2aa84fcd770ccd
ad.71i.de,AVAILABILITY,origin.list,origin.list,2022-12-31 05:23:48.277146,6e39bf7f3a2aa84fcd770ccd
ad.103092804.com,AVAILABILITY,origin.list,origin.list,2022-12-31 05:23:48.547926,6e39bf7f3a2aa84fcd770ccd
ad.a8.net,AVAILABILITY,origin.list,origin.list,2022-12-31 05:23:49.060431,6e39bf7f3a2aa84fcd770ccd
abacho.net,AVAILABILITY,origin.list,origin.list,2022-12-31 05:23:50.909857,6e39bf7f3a2aa84fcd770ccd
ad.980x.com,AVAILABILITY,origin.list,origin.list,2022-12-31 05:23:51.692338,6e39bf7f3a2aa84fcd770ccd
ad.aboutwebservices.com,AVAILABILITY,origin.list,origin.list,2022-12-31 05:23:52.524021,6e39bf7f3a2aa84fcd770ccd
ac.rnm.ca,AVAILABILITY,origin.list,origin.list,2022-12-31 05:23:53.272901,6e39bf7f3a2aa84fcd770ccd
ad.abum.com,AVAILABILITY,origin.list,origin.list,2022-12-31 05:23:53.304827,6e39bf7f3a2aa84fcd770ccd
ad.afy11.net,AVAILABILITY,origin.list,origin.list,2022-12-31 05:23:54.291990,6e39bf7f3a2aa84fcd770ccd
ad.amgdgt.com,AVAILABILITY,origin.list,origin.list,2022-12-31 05:23:54.454914,6e39bf7f3a2aa84fcd770ccd
ad.aboutit.de,AVAILABILITY,origin.list,origin.list,2022-12-31 05:23:54.494457,6e39bf7f3a2aa84fcd770ccd
ad.auditude.com,AVAILABILITY,origin.list,origin.list,2022-12-31 05:23:55.242490,6e39bf7f3a2aa84fcd770ccd
ad.bizo.com,AVAILABILITY,origin.list,origin.list,2022-12-31 05:23:55.549651,6e39bf7f3a2aa84fcd770ccd
ad.bondage.com,AVAILABILITY,origin.list,origin.list,2022-12-31 05:23:56.245595,6e39bf7f3a2aa84fcd770ccd
ad.cgi.cz,AVAILABILITY,origin.list,origin.list,2022-12-31 05:23:58.144599,6e39bf7f3a2aa84fcd770ccd
ad.choiceradio.com,AVAILABILITY,origin.list,origin.list,2022-12-31 05:23:58.730986,6e39bf7f3a2aa84fcd770ccd
ad.abcnews.com,AVAILABILITY,origin.list,origin.list,2022-12-31 05:23:59.166926,6e39bf7f3a2aa84fcd770ccd
ad.centrum.cz,AVAILABILITY,origin.list,origin.list,2022-12-31 05:23:59.404045,6e39bf7f3a2aa84fcd770ccd
ad.abctv.com,AVAILABILITY,origin.list,origin.list,2022-12-31 05:23:59.676710,6e39bf7f3a2aa84fcd770ccd
ad.crwdcntrl.net,AVAILABILITY,origin.list,origin.list,2022-12-31 05:23:59.800984,6e39bf7f3a2aa84fcd770ccd
ad.digitallook.com,AVAILABILITY,origin.list,origin.list,2022-12-31 05:24:00.144561,6e39bf7f3a2aa84fcd770ccd
ad.flurry.com,AVAILABILITY,origin.list,origin.list,2022-12-31 05:24:01.016667,6e39bf7f3a2aa84fcd770ccd
ad.foxnetworks.com,AVAILABILITY,origin.list,origin.list,2022-12-31 05:24:01.789004,6e39bf7f3a2aa84fcd770ccd
ad.f1cd.ru,AVAILABILITY,origin.list,origin.list,2022-12-31 05:24:01.863757,6e39bf7f3a2aa84fcd770ccd
ad.anuntis.com,AVAILABILITY,origin.list,origin.list,2022-12-31 05:24:04.898362,6e39bf7f3a2aa84fcd770ccd
ad.hodomobile.com,AVAILABILITY,origin.list,origin.list,2022-12-31 05:24:05.931840,6e39bf7f3a2aa84fcd770ccd
ad.hyena.cz,AVAILABILITY,origin.list,origin.list,2022-12-31 05:24:08.058549,6e39bf7f3a2aa84fcd770ccd
ad.cooks.com,AVAILABILITY,origin.list,origin.list,2022-12-31 05:24:09.836783,6e39bf7f3a2aa84fcd770ccd
ad.iinfo.cz,AVAILABILITY,origin.list,origin.list,2022-12-31 05:24:09.994689,6e39bf7f3a2aa84fcd770ccd
ad.domainfactory.de,AVAILABILITY,origin.list,origin.list,2022-12-31 05:24:10.556737,6e39bf7f3a2aa84fcd770ccd
ad.infoseek.com,AVAILABILITY,origin.list,origin.list,2022-12-31 05:24:11.000591,6e39bf7f3a2aa84fcd770ccd
ad.jetsoftware.com,AVAILABILITY,origin.list,origin.list,2022-12-31 05:24:11.000259,6e39bf7f3a2aa84fcd770ccd
ad.keenspace.com,AVAILABILITY,origin.list,origin.list,2022-12-31 05:24:11.350701,6e39bf7f3a2aa84fcd770ccd
ad.m5prod.net,AVAILABILITY,origin.list,origin.list,2022-12-31 05:24:12.350664,6e39bf7f3a2aa84fcd770ccd
ad.lupa.cz,AVAILABILITY,origin.list,origin.list,2022-12-31 05:24:12.736103,6e39bf7f3a2aa84fcd770ccd
ad.media-servers.net,AVAILABILITY,origin.list,origin.list,2022-12-31 05:24:12.768118,6e39bf7f3a2aa84fcd770ccd
ad.hbv.de,AVAILABILITY,origin.list,origin.list,2022-12-31 05:24:12.859003,6e39bf7f3a2aa84fcd770ccd
ad.grafika.cz,AVAILABILITY,origin.list,origin.list,2022-12-31 05:24:13.346501,6e39bf7f3a2aa84fcd770ccd
ad.musicmatch.com,AVAILABILITY,origin.list,origin.list,2022-12-31 05:24:13.562672,6e39bf7f3a2aa84fcd770ccd
ad.mgd.de,AVAILABILITY,origin.list,origin.list,2022-12-31 05:24:13.782199,6e39bf7f3a2aa84fcd770ccd
ad.nachtagenten.de,AVAILABILITY,origin.list,origin.list,2022-12-31 05:24:14.552910,6e39bf7f3a2aa84fcd770ccd
ad.nozonedata.com,AVAILABILITY,origin.list,origin.list,2022-12-31 05:24:15.217003,6e39bf7f3a2aa84fcd770ccd
ad.nwt.cz,AVAILABILITY,origin.list,origin.list,2022-12-31 05:24:16.845318,6e39bf7f3a2aa84fcd770ccd
ad.mediastorm.hu,AVAILABILITY,origin.list,origin.list,2022-12-31 05:24:18.655238,6e39bf7f3a2aa84fcd770ccd
ad.prv.pl,AVAILABILITY,origin.list,origin.list,2022-12-31 05:24:19.735826,6e39bf7f3a2aa84fcd770ccd
ad.profiwin.de,AVAILABILITY,origin.list,origin.list,2022-12-31 05:24:20.939569,6e39bf7f3a2aa84fcd770ccd
ad.scanmedios.com,AVAILABILITY,origin.list,origin.list,2022-12-31 05:24:21.455524,6e39bf7f3a2aa84fcd770ccd
ad.liveinternet.ru,AVAILABILITY,origin.list,origin.list,2022-12-31 05:24:21.936670,6e39bf7f3a2aa84fcd770ccd
ad.simgames.net,AVAILABILITY,origin.list,origin.list,2022-12-31 05:24:22.034875,6e39bf7f3a2aa84fcd770ccd
ad.thewheelof.com,AVAILABILITY,origin.list,origin.list,2022-12-31 05:24:23.474560,6e39bf7f3a2aa84fcd770ccd
ad.top50.to,AVAILABILITY,origin.list,origin.list,2022-12-31 05:24:23.493986,6e39bf7f3a2aa84fcd770ccd
ad.technoratimedia.com,AVAILABILITY,origin.list,origin.list,2022-12-31 05:24:23.906361,6e39bf7f3a2aa84fcd770ccd
ad.tv2.no,AVAILABILITY,origin.list,origin.list,2022-12-31 05:24:24.563820,6e39bf7f3a2aa84fcd770ccd
ad.nttnavi.co.jp,AVAILABILITY,origin.list,origin.list,2022-12-31 05:24:24.736667,6e39bf7f3a2aa84fcd770ccd
ad.usatoday.com,AVAILABILITY,origin.list,origin.list,2022-12-31 05:24:24.835234,6e39bf7f3a2aa84fcd770ccd
ad.virtual-nights.com,AVAILABILITY,origin.list,origin.list,2022-12-31 05:24:24.972007,6e39bf7f3a2aa84fcd770ccd
ad.turn.com,AVAILABILITY,origin.list,origin.list,2022-12-31 05:24:25.239142,6e39bf7f3a2aa84fcd770ccd
ad.weatherbug.com,AVAILABILITY,origin.list,origin.list,2022-12-31 05:24:25.663701,6e39bf7f3a2aa84fcd770ccd
ad.wsod.com,AVAILABILITY,origin.list,origin.list,2022-12-31 05:24:25.771737,6e39bf7f3a2aa84fcd770ccd
ad.playground.ru,AVAILABILITY,origin.list,origin.list,2022-12-31 05:24:26.086726,6e39bf7f3a2aa84fcd770ccd
ad.wz.cz,AVAILABILITY,origin.list,origin.list,2022-12-31 05:24:26.456469,6e39bf7f3a2aa84fcd770ccd
ad.zanox.com,AVAILABILITY,origin.list,origin.list,2022-12-31 05:24:26.846171,6e39bf7f3a2aa84fcd770ccd
ad0.bigmir.net,AVAILABILITY,origin.list,origin.list,2022-12-31 05:24:27.313142,6e39bf7f3a2aa84fcd770ccd
ad1.emule-project.org,AVAILABILITY,origin.list,origin.list,2022-12-31 05:24:27.735585,6e39bf7f3a2aa84fcd770ccd
ad1.emediate.dk,AVAILABILITY,origin.list,origin.list,2022-12-31 05:24:29.603911,6e39bf7f3a2aa84fcd770ccd
ad1.kde.cz,AVAILABILITY,origin.list,origin.list,2022-12-31 05:24:31.086424,6e39bf7f3a2aa84fcd770ccd
ad2.iinfo.cz,AVAILABILITY,origin.list,origin.list,2022-12-31 05:24:31.275787,6e39bf7f3a2aa84fcd770ccd
ad2flash.com,AVAILABILITY,origin.list,origin.list,2022-12-31 05:24:32.808314,6e39bf7f3a2aa84fcd770ccd
ad2.lupa.cz,AVAILABILITY,origin.list,origin.list,2022-12-31 05:24:32.838088,6e39bf7f3a2aa84fcd770ccd
ad2games.com,AVAILABILITY,origin.list,origin.list,2022-12-31 05:24:34.216207,6e39bf7f3a2aa84fcd770ccd
ad3.iinfo.cz,AVAILABILITY,origin.list,origin.list,2022-12-31 05:24:34.614534,6e39bf7f3a2aa84fcd770ccd
ad.wavu.hu,AVAILABILITY,origin.list,origin.list,2022-12-31 05:24:35.973751,6e39bf7f3a2aa84fcd770ccd
ad4game.com,AVAILABILITY,origin.list,origin.list,2022-12-31 05:24:36.041153,6e39bf7f3a2aa84fcd770ccd
adap.tv,AVAILABILITY,origin.list,origin.list,2022-12-31 05:24:36.655565,6e39bf7f3a2aa84fcd770ccd
adadvisor.net,AVAILABILITY,origin.list,origin.list,2022-12-31 05:24:36.720735,6e39bf7f3a2aa84fcd770ccd
ad.yadro.ru,AVAILABILITY,origin.list,origin.list,2022-12-31 05:24:36.781880,6e39bf7f3a2aa84fcd770ccd
ad01.mediacorpsingapore.com,AVAILABILITY,origin.list,origin.list,2022-12-31 05:24:37.004668,6e39bf7f3a2aa84fcd770ccd
adaction.de,AVAILABILITY,origin.list,origin.list,2022-12-31 05:24:37.745569,6e39bf7f3a2aa84fcd770ccd
adbard.net,AVAILABILITY,origin.list,origin.list,2022-12-31 05:24:37.802273,6e39bf7f3a2aa84fcd770ccd
adapt.tv,AVAILABILITY,origin.list,origin.list,2022-12-31 05:24:37.824784,6e39bf7f3a2aa84fcd770ccd
adblade.com,AVAILABILITY,origin.list,origin.list,2022-12-31 05:24:38.037360,6e39bf7f3a2aa84fcd770ccd
adbooth.net,AVAILABILITY,origin.list,origin.list,2022-12-31 05:24:38.845386,6e39bf7f3a2aa84fcd770ccd
adblockanalytics.com,AVAILABILITY,origin.list,origin.list,2022-12-31 05:24:39.016510,6e39bf7f3a2aa84fcd770ccd
adboost.net,AVAILABILITY,origin.list,origin.list,2022-12-31 05:24:39.388558,6e39bf7f3a2aa84fcd770ccd
adbunker.com,AVAILABILITY,origin.list,origin.list,2022-12-31 05:24:40.262162,6e39bf7f3a2aa84fcd770ccd
adbutler.com,AVAILABILITY,origin.list,origin.list,2022-12-31 05:24:41.501795,6e39bf7f3a2aa84fcd770ccd
adbutler.de,AVAILABILITY,origin.list,origin.list,2022-12-31 05:24:42.341359,6e39bf7f3a2aa84fcd770ccd
adbroker.de,AVAILABILITY,origin.list,origin.list,2022-12-31 05:24:43.203865,6e39bf7f3a2aa84fcd770ccd
adbanner.ro,AVAILABILITY,origin.list,origin.list,2022-12-31 05:24:44.213832,6e39bf7f3a2aa84fcd770ccd
adbuyer3.lycos.com,AVAILABILITY,origin.list,origin.list,2022-12-31 05:24:44.570020,6e39bf7f3a2aa84fcd770ccd
adcash.com,AVAILABILITY,origin.list,origin.list,2022-12-31 05:24:44.927734,6e39bf7f3a2aa84fcd770ccd
adcast.deviantart.com,AVAILABILITY,origin.list,origin.list,2022-12-31 05:24:45.365333,6e39bf7f3a2aa84fcd770ccd
adcel.vrvm.com,AVAILABILITY,origin.list,origin.list,2022-12-31 05:24:45.627246,6e39bf7f3a2aa84fcd770ccd
adcenter.net,AVAILABILITY,origin.list,origin.list,2022-12-31 05:24:46.518159,6e39bf7f3a2aa84fcd770ccd
adcentriconline.com,AVAILABILITY,origin.list,origin.list,2022-12-31 05:24:47.336111,6e39bf7f3a2aa84fcd770ccd
adcept.net,AVAILABILITY,origin.list,origin.list,2022-12-31 05:24:47.880078,6e39bf7f3a2aa84fcd770ccd
adbot.com,AVAILABILITY,origin.list,origin.list,2022-12-31 05:24:48.665708,6e39bf7f3a2aa84fcd770ccd
adcito.com,AVAILABILITY,origin.list,origin.list,2022-12-31 05:24:48.782468,6e39bf7f3a2aa84fcd770ccd
adbrite.com,AVAILABILITY,origin.list,origin.list,2022-12-31 05:24:49.501808,6e39bf7f3a2aa84fcd770ccd
adclick.com,AVAILABILITY,origin.list,origin.list,2022-12-31 05:24:49.864397,6e39bf7f3a2aa84fcd770ccd
adcloud.net,AVAILABILITY,origin.list,origin.list,2022-12-31 05:24:50.450939,6e39bf7f3a2aa84fcd770ccd
adclix.org,AVAILABILITY,origin.list,origin.list,2022-12-31 05:24:50.934562,6e39bf7f3a2aa84fcd770ccd
adcell.de,AVAILABILITY,origin.list,origin.list,2022-12-31 05:24:50.993831,6e39bf7f3a2aa84fcd770ccd
adcomplete.com,AVAILABILITY,origin.list,origin.list,2022-12-31 05:24:51.822998,6e39bf7f3a2aa84fcd770ccd
adcolony.com,AVAILABILITY,origin.list,origin.list,2022-12-31 05:24:52.082897,6e39bf7f3a2aa84fcd770ccd
adcontent.gamespy.com,AVAILABILITY,origin.list,origin.list,2022-12-31 05:24:52.568427,6e39bf7f3a2aa84fcd770ccd
adcycle.com,AVAILABILITY,origin.list,origin.list,2022-12-31 05:24:52.805872,6e39bf7f3a2aa84fcd770ccd
adbuyer.com,AVAILABILITY,origin.list,origin.list,2022-12-31 05:24:52.961315,6e39bf7f3a2aa84fcd770ccd
addealing.com,AVAILABILITY,origin.list,origin.list,2022-12-31 05:24:53.809647,6e39bf7f3a2aa84fcd770ccd
addesktop.com,AVAILABILITY,origin.list,origin.list,2022-12-31 05:24:54.805007,6e39bf7f3a2aa84fcd770ccd
add.newmedia.cz,AVAILABILITY,origin.list,origin.list,2022-12-31 05:24:55.764384,6e39bf7f3a2aa84fcd770ccd
addfreestats.com,AVAILABILITY,origin.list,origin.list,2022-12-31 05:24:55.867462,6e39bf7f3a2aa84fcd770ccd
addme.com,AVAILABILITY,origin.list,origin.list,2022-12-31 05:24:56.781942,6e39bf7f3a2aa84fcd770ccd
adecn.com,AVAILABILITY,origin.list,origin.list,2022-12-31 05:24:57.836163,6e39bf7f3a2aa84fcd770ccd
ademails.com,AVAILABILITY,origin.list,origin.list,2022-12-31 05:24:59.244345,6e39bf7f3a2aa84fcd770ccd
adclient1.tucows.com,AVAILABILITY,origin.list,origin.list,2022-12-31 05:24:59.647818,6e39bf7f3a2aa84fcd770ccd
adexpose.com,AVAILABILITY,origin.list,origin.list,2022-12-31 05:25:00.027027,6e39bf7f3a2aa84fcd770ccd
adf.ly,AVAILABILITY,origin.list,origin.list,2022-12-31 05:25:00.803707,6e39bf7f3a2aa84fcd770ccd
adext.inkclub.com,AVAILABILITY,origin.list,origin.list,2022-12-31 05:25:01.056404,6e39bf7f3a2aa84fcd770ccd
adfactor.nl,AVAILABILITY,origin.list,origin.list,2022-12-31 05:25:01.598707,6e39bf7f3a2aa84fcd770ccd
adconion.com,AVAILABILITY,origin.list,origin.list,2022-12-31 05:25:01.678306,6e39bf7f3a2aa84fcd770ccd
adflight.com,AVAILABILITY,origin.list,origin.list,2022-12-31 05:25:01.922063,6e39bf7f3a2aa84fcd770ccd
adforce.com,AVAILABILITY,origin.list,origin.list,2022-12-31 05:25:02.530908,6e39bf7f3a2aa84fcd770ccd
adgardener.com,AVAILABILITY,origin.list,origin.list,2022-12-31 05:25:03.130910,6e39bf7f3a2aa84fcd770ccd
adgoto.com,AVAILABILITY,origin.list,origin.list,2022-12-31 05:25:03.512997,6e39bf7f3a2aa84fcd770ccd
addash.co,AVAILABILITY,origin.list,origin.list,2022-12-31 05:25:03.552868,6e39bf7f3a2aa84fcd770ccd
adgridwork.com,AVAILABILITY,origin.list,origin.list,2022-12-31 05:25:03.814701,6e39bf7f3a2aa84fcd770ccd
adhese.com,AVAILABILITY,origin.list,origin.list,2022-12-31 05:25:04.910253,6e39bf7f3a2aa84fcd770ccd
adhese.be,AVAILABILITY,origin.list,origin.list,2022-12-31 05:25:04.910748,6e39bf7f3a2aa84fcd770ccd
adgroups.net,AVAILABILITY,origin.list,origin.list,2022-12-31 05:25:05.039136,6e39bf7f3a2aa84fcd770ccd
adimages.been.com,AVAILABILITY,origin.list,origin.list,2022-12-31 05:25:05.761318,6e39bf7f3a2aa84fcd770ccd
adimages.carsoup.com,AVAILABILITY,origin.list,origin.list,2022-12-31 05:25:05.796689,6e39bf7f3a2aa84fcd770ccd
adimage.guardian.co.uk,AVAILABILITY,origin.list,origin.list,2022-12-31 05:25:06.120450,6e39bf7f3a2aa84fcd770ccd
adimages.homestore.com,AVAILABILITY,origin.list,origin.list,2022-12-31 05:25:06.596213,6e39bf7f3a2aa84fcd770ccd
adimages.omroepzeeland.nl,AVAILABILITY,origin.list,origin.list,2022-12-31 05:25:07.213248,6e39bf7f3a2aa84fcd770ccd
adform.com,AVAILABILITY,origin.list,origin.list,2022-12-31 05:25:07.473693,6e39bf7f3a2aa84fcd770ccd
adimg.com.com,AVAILABILITY,origin.list,origin.list,2022-12-31 05:25:07.994927,6e39bf7f3a2aa84fcd770ccd
adengage.com,AVAILABILITY,origin.list,origin.list,2022-12-31 05:25:08.588739,6e39bf7f3a2aa84fcd770ccd
adimg.uimserv.net,AVAILABILITY,origin.list,origin.list,2022-12-31 05:25:08.727207,6e39bf7f3a2aa84fcd770ccd
adimgs.sapo.pt,AVAILABILITY,origin.list,origin.list,2022-12-31 05:25:09.950619,6e39bf7f3a2aa84fcd770ccd
adimpact.com,AVAILABILITY,origin.list,origin.list,2022-12-31 05:25:11.161506,6e39bf7f3a2aa84fcd770ccd
adinch.com,AVAILABILITY,origin.list,origin.list,2022-12-31 05:25:13.381651,6e39bf7f3a2aa84fcd770ccd
adinterax.com,AVAILABILITY,origin.list,origin.list,2022-12-31 05:25:14.715597,6e39bf7f3a2aa84fcd770ccd
adisfy.com,AVAILABILITY,origin.list,origin.list,2022-12-31 05:25:16.165869,6e39bf7f3a2aa84fcd770ccd
adimages.go.com,AVAILABILITY,origin.list,origin.list,2022-12-31 05:25:16.325220,6e39bf7f3a2aa84fcd770ccd
adimages.sanomawsoy.fi,AVAILABILITY,origin.list,origin.list,2022-12-31 05:25:17.426726,6e39bf7f3a2aa84fcd770ccd
adition.com,AVAILABILITY,origin.list,origin.list,2022-12-31 05:25:17.611817,6e39bf7f3a2aa84fcd770ccd
adition.de,AVAILABILITY,origin.list,origin.list,2022-12-31 05:25:18.168390,6e39bf7f3a2aa84fcd770ccd
adimg1.chosun.com,AVAILABILITY,origin.list,origin.list,2022-12-31 05:25:18.536733,6e39bf7f3a2aa84fcd770ccd
adizio.com,AVAILABILITY,origin.list,origin.list,2022-12-31 05:25:19.922068,6e39bf7f3a2aa84fcd770ccd
adinjector.net,AVAILABILITY,origin.list,origin.list,2022-12-31 05:25:21.745281,6e39bf7f3a2aa84fcd770ccd
adjix.com,AVAILABILITY,origin.list,origin.list,2022-12-31 05:25:38.687827,6e39bf7f3a2aa84fcd770ccd
adition.net,AVAILABILITY,origin.list,origin.list,2022-12-31 05:25:38.811703,6e39bf7f3a2aa84fcd770ccd
adjug.com,AVAILABILITY,origin.list,origin.list,2022-12-31 05:25:38.991244,6e39bf7f3a2aa84fcd770ccd
adjuggler.com,AVAILABILITY,origin.list,origin.list,2022-12-31 05:25:40.398217,6e39bf7f3a2aa84fcd770ccd
adjuggler.yourdictionary.com,AVAILABILITY,origin.list,origin.list,2022-12-31 05:25:42.236142,6e39bf7f3a2aa84fcd770ccd
adk2.com,AVAILABILITY,origin.list,origin.list,2022-12-31 05:25:54.310489,6e39bf7f3a2aa84fcd770ccd
adland.ru,AVAILABILITY,origin.list,origin.list,2022-12-31 05:25:54.862351,6e39bf7f3a2aa84fcd770ccd
adjustnetwork.com,AVAILABILITY,origin.list,origin.list,2022-12-31 05:25:59.210775,6e39bf7f3a2aa84fcd770ccd
adlantic.nl,AVAILABILITY,origin.list,origin.list,2022-12-31 05:26:00.874292,6e39bf7f3a2aa84fcd770ccd
adledge.com,AVAILABILITY,origin.list,origin.list,2022-12-31 05:26:02.689992,6e39bf7f3a2aa84fcd770ccd
adlink.de,AVAILABILITY,origin.list,origin.list,2022-12-31 05:26:15.300433,6e39bf7f3a2aa84fcd770ccd
adlog.com.com,AVAILABILITY,origin.list,origin.list,2022-12-31 05:26:19.652829,6e39bf7f3a2aa84fcd770ccd
adlegend.com,AVAILABILITY,origin.list,origin.list,2022-12-31 05:26:19.816380,6e39bf7f3a2aa84fcd770ccd
adloox.com,AVAILABILITY,origin.list,origin.list,2022-12-31 05:26:21.340189,6e39bf7f3a2aa84fcd770ccd
adlooxtracking.com,AVAILABILITY,origin.list,origin.list,2022-12-31 05:26:23.129601,6e39bf7f3a2aa84fcd770ccd
adlure.net,AVAILABILITY,origin.list,origin.list,2022-12-31 05:26:35.807111,6e39bf7f3a2aa84fcd770ccd
admagnet.net,AVAILABILITY,origin.list,origin.list,2022-12-31 05:26:40.104696,6e39bf7f3a2aa84fcd770ccd
admailtiser.com,AVAILABILITY,origin.list,origin.list,2022-12-31 05:26:40.276104,6e39bf7f3a2aa84fcd770ccd
adman.gr,AVAILABILITY,origin.list,origin.list,2022-12-31 05:26:41.776281,6e39bf7f3a2aa84fcd770ccd
adman.otenet.gr,AVAILABILITY,origin.list,origin.list,2022-12-31 05:26:43.774846,6e39bf7f3a2aa84fcd770ccd
admanager.btopenworld.com,AVAILABILITY,origin.list,origin.list,2022-12-31 05:26:55.689464,6e39bf7f3a2aa84fcd770ccd
admanager.carsoup.com,AVAILABILITY,origin.list,origin.list,2022-12-31 05:27:00.695140,6e39bf7f3a2aa84fcd770ccd
admanagement.ch,AVAILABILITY,origin.list,origin.list,2022-12-31 05:27:01.559358,6e39bf7f3a2aa84fcd770ccd
admarketplace.com,AVAILABILITY,origin.list,origin.list,2022-12-31 05:27:02.232560,6e39bf7f3a2aa84fcd770ccd
admarketplace.net,AVAILABILITY,origin.list,origin.list,2022-12-31 05:27:04.224797,6e39bf7f3a2aa84fcd770ccd
admarvel.com,AVAILABILITY,origin.list,origin.list,2022-12-31 05:27:16.125879,6e39bf7f3a2aa84fcd770ccd
admax.nexage.com,AVAILABILITY,origin.list,origin.list,2022-12-31 05:27:22.044742,6e39bf7f3a2aa84fcd770ccd
admedia.com,AVAILABILITY,origin.list,origin.list,2022-12-31 05:27:22.658685,6e39bf7f3a2aa84fcd770ccd
admedia.ro,AVAILABILITY,origin.list,origin.list,2022-12-31 05:27:24.692786,6e39bf7f3a2aa84fcd770ccd
admarvel.s3.amazonaws.com,AVAILABILITY,origin.list,origin.list,2022-12-31 05:27:26.177645,6e39bf7f3a2aa84fcd770ccd
admedo.com,AVAILABILITY,origin.list,origin.list,2022-12-31 05:27:36.570295,6e39bf7f3a2aa84fcd770ccd
admeld.com,AVAILABILITY,origin.list,origin.list,2022-12-31 05:27:37.612179,6e39bf7f3a2aa84fcd770ccd
admeta.com,AVAILABILITY,origin.list,origin.list,2022-12-31 05:27:43.344095,6e39bf7f3a2aa84fcd770ccd
admex.com,AVAILABILITY,origin.list,origin.list,2022-12-31 05:27:45.213311,6e39bf7f3a2aa84fcd770ccd
adminder.com,AVAILABILITY,origin.list,origin.list,2022-12-31 05:27:46.684605,6e39bf7f3a2aa84fcd770ccd
adminshop.com,AVAILABILITY,origin.list,origin.list,2022-12-31 05:27:57.028189,6e39bf7f3a2aa84fcd770ccd
admized.com,AVAILABILITY,origin.list,origin.list,2022-12-31 05:27:58.107560,6e39bf7f3a2aa84fcd770ccd
admob.com,AVAILABILITY,origin.list,origin.list,2022-12-31 05:28:03.787447,6e39bf7f3a2aa84fcd770ccd
admobile.com,AVAILABILITY,origin.list,origin.list,2022-12-31 05:28:05.924623,6e39bf7f3a2aa84fcd770ccd
admonitor.com,AVAILABILITY,origin.list,origin.list,2022-12-31 05:28:07.156812,6e39bf7f3a2aa84fcd770ccd
adnet-media.net,AVAILABILITY,origin.list,origin.list,2022-12-31 05:28:07.566242,6e39bf7f3a2aa84fcd770ccd
admotion.com.ar,AVAILABILITY,origin.list,origin.list,2022-12-31 05:28:17.301151,6e39bf7f3a2aa84fcd770ccd
adnection.com,AVAILABILITY,origin.list,origin.list,2022-12-31 05:28:17.388930,6e39bf7f3a2aa84fcd770ccd
admtpmp124.com,AVAILABILITY,origin.list,origin.list,2022-12-31 05:28:18.053452,6e39bf7f3a2aa84fcd770ccd
admtpmp123.com,AVAILABILITY,origin.list,origin.list,2022-12-31 05:28:18.151567,6e39bf7f3a2aa84fcd770ccd
adnetinteractive.com,AVAILABILITY,origin.list,origin.list,2022-12-31 05:28:19.305339,6e39bf7f3a2aa84fcd770ccd
adnet.de,AVAILABILITY,origin.list,origin.list,2022-12-31 05:28:19.504086,6e39bf7f3a2aa84fcd770ccd
adnet.ru,AVAILABILITY,origin.list,origin.list,2022-12-31 05:28:19.701025,6e39bf7f3a2aa84fcd770ccd
adnetworkperformance.com,AVAILABILITY,origin.list,origin.list,2022-12-31 05:28:20.041190,6e39bf7f3a2aa84fcd770ccd
adnet.biz,AVAILABILITY,origin.list,origin.list,2022-12-31 05:28:20.126652,6e39bf7f3a2aa84fcd770ccd
adnxs.com,AVAILABILITY,origin.list,origin.list,2022-12-31 05:28:20.833589,6e39bf7f3a2aa84fcd770ccd
adnotch.com,AVAILABILITY,origin.list,origin.list,2022-12-31 05:28:20.921889,6e39bf7f3a2aa84fcd770ccd
adnews.maddog2000.de,AVAILABILITY,origin.list,origin.list,2022-12-31 05:28:21.072313,6e39bf7f3a2aa84fcd770ccd
adnetwork.net,AVAILABILITY,origin.list,origin.list,2022-12-31 05:28:22.393021,6e39bf7f3a2aa84fcd770ccd
adoperator.com,AVAILABILITY,origin.list,origin.list,2022-12-31 05:28:22.926883,6e39bf7f3a2aa84fcd770ccd
adpacks.com,AVAILABILITY,origin.list,origin.list,2022-12-31 05:28:23.509127,6e39bf7f3a2aa84fcd770ccd
adocean.pl,AVAILABILITY,origin.list,origin.list,2022-12-31 05:28:23.737948,6e39bf7f3a2aa84fcd770ccd
adpepper.nl,AVAILABILITY,origin.list,origin.list,2022-12-31 05:28:26.582798,6e39bf7f3a2aa84fcd770ccd
adnet.asahi.com,AVAILABILITY,origin.list,origin.list,2022-12-31 05:28:27.510994,6e39bf7f3a2aa84fcd770ccd
adperium.com,AVAILABILITY,origin.list,origin.list,2022-12-31 05:28:27.795768,6e39bf7f3a2aa84fcd770ccd
adplus.co.id,AVAILABILITY,origin.list,origin.list,2022-12-31 05:28:31.203854,6e39bf7f3a2aa84fcd770ccd
adpia.vn,AVAILABILITY,origin.list,origin.list,2022-12-31 05:28:31.283689,6e39bf7f3a2aa84fcd770ccd
adonspot.com,AVAILABILITY,origin.list,origin.list,2022-12-31 05:28:31.498006,6e39bf7f3a2aa84fcd770ccd
adplxmd.com,AVAILABILITY,origin.list,origin.list,2022-12-31 05:28:31.937180,6e39bf7f3a2aa84fcd770ccd
adprofile.net,AVAILABILITY,origin.list,origin.list,2022-12-31 05:28:32.460847,6e39bf7f3a2aa84fcd770ccd
adprimemedia.com,AVAILABILITY,origin.list,origin.list,2022-12-31 05:28:32.527550,6e39bf7f3a2aa84fcd770ccd
adprojekt.pl,AVAILABILITY,origin.list,origin.list,2022-12-31 05:28:33.417207,6e39bf7f3a2aa84fcd770ccd
adreactor.com,AVAILABILITY,origin.list,origin.list,2022-12-31 05:28:34.041266,6e39bf7f3a2aa84fcd770ccd
adrazzi.com,AVAILABILITY,origin.list,origin.list,2022-12-31 05:28:34.060547,6e39bf7f3a2aa84fcd770ccd
adpepper.dk,AVAILABILITY,origin.list,origin.list,2022-12-31 05:28:34.370730,6e39bf7f3a2aa84fcd770ccd
adreporting.com,AVAILABILITY,origin.list,origin.list,2022-12-31 05:28:35.048483,6e39bf7f3a2aa84fcd770ccd
adorigin.com,AVAILABILITY,origin.list,origin.list,2022-12-31 05:28:35.931161,6e39bf7f3a2aa84fcd770ccd
adrolays.de,AVAILABILITY,origin.list,origin.list,2022-12-31 05:28:36.028266,6e39bf7f3a2aa84fcd770ccd
adriver.ru,AVAILABILITY,origin.list,origin.list,2022-12-31 05:28:37.053034,6e39bf7f3a2aa84fcd770ccd
ads-click.com,AVAILABILITY,origin.list,origin.list,2022-12-31 05:28:37.478816,6e39bf7f3a2aa84fcd770ccd
adrotate.de,AVAILABILITY,origin.list,origin.list,2022-12-31 05:28:37.819804,6e39bf7f3a2aa84fcd770ccd
adrotator.se,AVAILABILITY,origin.list,origin.list,2022-12-31 05:28:37.939618,6e39bf7f3a2aa84fcd770ccd
ads.abovetopsecret.com,AVAILABILITY,origin.list,origin.list,2022-12-31 05:28:38.527211,6e39bf7f3a2aa84fcd770ccd
adremedy.com,AVAILABILITY,origin.list,origin.list,2022-12-31 05:28:39.877195,6e39bf7f3a2aa84fcd770ccd
ads.activestate.com,AVAILABILITY,origin.list,origin.list,2022-12-31 05:28:40.590438,6e39bf7f3a2aa84fcd770ccd
ads.adfox.ru,AVAILABILITY,origin.list,origin.list,2022-12-31 05:28:41.561164,6e39bf7f3a2aa84fcd770ccd
ads.administrator.de,AVAILABILITY,origin.list,origin.list,2022-12-31 05:28:43.454451,6e39bf7f3a2aa84fcd770ccd
ads.adshareware.net,AVAILABILITY,origin.list,origin.list,2022-12-31 05:28:44.152155,6e39bf7f3a2aa84fcd770ccd
ads.adultfriendfinder.com,AVAILABILITY,origin.list,origin.list,2022-12-31 05:28:44.744928,6e39bf7f3a2aa84fcd770ccd
adrevolver.com,AVAILABILITY,origin.list,origin.list,2022-12-31 05:28:44.938350,6e39bf7f3a2aa84fcd770ccd
ads.advance.net,AVAILABILITY,origin.list,origin.list,2022-12-31 05:28:45.690148,6e39bf7f3a2aa84fcd770ccd
ads.affiliates.match.com,AVAILABILITY,origin.list,origin.list,2022-12-31 05:28:46.485714,6e39bf7f3a2aa84fcd770ccd
ads.adverline.com,AVAILABILITY,origin.list,origin.list,2022-12-31 05:28:46.941398,6e39bf7f3a2aa84fcd770ccd
ads.alt.com,AVAILABILITY,origin.list,origin.list,2022-12-31 05:28:47.475396,6e39bf7f3a2aa84fcd770ccd
ads.amigos.com,AVAILABILITY,origin.list,origin.list,2022-12-31 05:28:48.123275,6e39bf7f3a2aa84fcd770ccd
ads.4tube.com,AVAILABILITY,origin.list,origin.list,2022-12-31 05:28:48.281231,6e39bf7f3a2aa84fcd770ccd
ads.aol.co.uk,AVAILABILITY,origin.list,origin.list,2022-12-31 05:28:49.072006,6e39bf7f3a2aa84fcd770ccd
ads.aceweb.net,AVAILABILITY,origin.list,origin.list,2022-12-31 05:28:49.132161,6e39bf7f3a2aa84fcd770ccd
ads.apn.co.nz,AVAILABILITY,origin.list,origin.list,2022-12-31 05:28:49.208964,6e39bf7f3a2aa84fcd770ccd
ads.5ci.lt,AVAILABILITY,origin.list,origin.list,2022-12-31 05:28:49.256727,6e39bf7f3a2aa84fcd770ccd
ads.appsgeyser.com,AVAILABILITY,origin.list,origin.list,2022-12-31 05:28:49.855691,6e39bf7f3a2aa84fcd770ccd
ads.asiafriendfinder.com,AVAILABILITY,origin.list,origin.list,2022-12-31 05:28:50.012244,6e39bf7f3a2aa84fcd770ccd
ads.aspalliance.com,AVAILABILITY,origin.list,origin.list,2022-12-31 05:28:50.629584,6e39bf7f3a2aa84fcd770ccd
ads.avazu.net,AVAILABILITY,origin.list,origin.list,2022-12-31 05:28:50.757514,6e39bf7f3a2aa84fcd770ccd
ads.belointeractive.com,AVAILABILITY,origin.list,origin.list,2022-12-31 05:28:51.568130,6e39bf7f3a2aa84fcd770ccd
ads.bigchurch.com,AVAILABILITY,origin.list,origin.list,2022-12-31 05:28:52.331779,6e39bf7f3a2aa84fcd770ccd
ads.betfair.com,AVAILABILITY,origin.list,origin.list,2022-12-31 05:28:52.651817,6e39bf7f3a2aa84fcd770ccd
ads.bing.com,AVAILABILITY,origin.list,origin.list,2022-12-31 05:28:55.552457,6e39bf7f3a2aa84fcd770ccd
ads.bittorrent.com,AVAILABILITY,origin.list,origin.list,2022-12-31 05:28:56.233453,6e39bf7f3a2aa84fcd770ccd
ads.blog.com,AVAILABILITY,origin.list,origin.list,2022-12-31 05:28:57.020153,6e39bf7f3a2aa84fcd770ccd
ads.amdmb.com,AVAILABILITY,origin.list,origin.list,2022-12-31 05:28:57.924807,6e39bf7f3a2aa84fcd770ccd
ads.boylesports.com,AVAILABILITY,origin.list,origin.list,2022-12-31 05:28:59.279279,6e39bf7f3a2aa84fcd770ccd
ads.as4x.tmcs.ticketmaster.com,AVAILABILITY,origin.list,origin.list,2022-12-31 05:28:59.996979,6e39bf7f3a2aa84fcd770ccd
ads.as4x.tmcs.net,AVAILABILITY,origin.list,origin.list,2022-12-31 05:29:00.055001,6e39bf7f3a2aa84fcd770ccd
ads.brazzers.com,AVAILABILITY,origin.list,origin.list,2022-12-31 05:29:00.674955,6e39bf7f3a2aa84fcd770ccd
ads.bumq.com,AVAILABILITY,origin.list,origin.list,2022-12-31 05:29:02.415459,6e39bf7f3a2aa84fcd770ccd
ads.bigfoot.com,AVAILABILITY,origin.list,origin.list,2022-12-31 05:29:02.942736,6e39bf7f3a2aa84fcd770ccd
ads.casinocity.com,AVAILABILITY,origin.list,origin.list,2022-12-31 05:29:03.360217,6e39bf7f3a2aa84fcd770ccd
ads.cc-dt.com,AVAILABILITY,origin.list,origin.list,2022-12-31 05:29:03.773782,6e39bf7f3a2aa84fcd770ccd
ads.cc,AVAILABILITY,origin.list,origin.list,2022-12-31 05:29:03.942592,6e39bf7f3a2aa84fcd770ccd
ads.cdn.rovio.com,AVAILABILITY,origin.list,origin.list,2022-12-31 05:29:04.481272,6e39bf7f3a2aa84fcd770ccd
ads.brabys.com,AVAILABILITY,origin.list,origin.list,2022-12-31 05:29:06.381652,6e39bf7f3a2aa84fcd770ccd
ads.co.com,AVAILABILITY,origin.list,origin.list,2022-12-31 05:29:07.679681,6e39bf7f3a2aa84fcd770ccd
ads.bluemountain.com,AVAILABILITY,origin.list,origin.list,2022-12-31 05:29:08.033752,6e39bf7f3a2aa84fcd770ccd
ads.com.com,AVAILABILITY,origin.list,origin.list,2022-12-31 05:29:08.239615,6e39bf7f3a2aa84fcd770ccd
ads.contextweb.com,AVAILABILITY,origin.list,origin.list,2022-12-31 05:29:08.906885,6e39bf7f3a2aa84fcd770ccd
ads.crakmedia.com,AVAILABILITY,origin.list,origin.list,2022-12-31 05:29:09.485742,6e39bf7f3a2aa84fcd770ccd
ads.creative-serving.com,AVAILABILITY,origin.list,origin.list,2022-12-31 05:29:09.921314,6e39bf7f3a2aa84fcd770ccd
ads.cbc.ca,AVAILABILITY,origin.list,origin.list,2022-12-31 05:29:13.089242,6e39bf7f3a2aa84fcd770ccd
ads.cybersales.cz,AVAILABILITY,origin.list,origin.list,2022-12-31 05:29:13.929207,6e39bf7f3a2aa84fcd770ccd
ads.centraliprom.com,AVAILABILITY,origin.list,origin.list,2022-12-31 05:29:14.554423,6e39bf7f3a2aa84fcd770ccd
ads.datingyes.com,AVAILABILITY,origin.list,origin.list,2022-12-31 05:29:14.772500,6e39bf7f3a2aa84fcd770ccd
ads.channel4.com,AVAILABILITY,origin.list,origin.list,2022-12-31 05:29:15.319452,6e39bf7f3a2aa84fcd770ccd
ads.dennisnet.co.uk,AVAILABILITY,origin.list,origin.list,2022-12-31 05:29:15.482235,6e39bf7f3a2aa84fcd770ccd
ads.desmoinesregister.com,AVAILABILITY,origin.list,origin.list,2022-12-31 05:29:16.311831,6e39bf7f3a2aa84fcd770ccd
ads.deltha.hu,AVAILABILITY,origin.list,origin.list,2022-12-31 05:29:16.374549,6e39bf7f3a2aa84fcd770ccd
ads.digital-digest.com,AVAILABILITY,origin.list,origin.list,2022-12-31 05:29:16.784050,6e39bf7f3a2aa84fcd770ccd
ads.deviantart.com,AVAILABILITY,origin.list,origin.list,2022-12-31 05:29:16.924339,6e39bf7f3a2aa84fcd770ccd
ads.digitalmedianet.com,AVAILABILITY,origin.list,origin.list,2022-12-31 05:29:17.573767,6e39bf7f3a2aa84fcd770ccd
ads.digitalpoint.com,AVAILABILITY,origin.list,origin.list,2022-12-31 05:29:18.024082,6e39bf7f3a2aa84fcd770ccd
ads.contactmusic.com,AVAILABILITY,origin.list,origin.list,2022-12-31 05:29:18.592337,6e39bf7f3a2aa84fcd770ccd
ads.directionsmag.com,AVAILABILITY,origin.list,origin.list,2022-12-31 05:29:18.669053,6e39bf7f3a2aa84fcd770ccd
ads.easy-forex.com,AVAILABILITY,origin.list,origin.list,2022-12-31 05:29:19.074149,6e39bf7f3a2aa84fcd770ccd
ads.eagletribune.com,AVAILABILITY,origin.list,origin.list,2022-12-31 05:29:19.263029,6e39bf7f3a2aa84fcd770ccd
ads.domeus.com,AVAILABILITY,origin.list,origin.list,2022-12-31 05:29:19.382616,6e39bf7f3a2aa84fcd770ccd
ads.egrana.com.br,AVAILABILITY,origin.list,origin.list,2022-12-31 05:29:20.716080,6e39bf7f3a2aa84fcd770ccd
ads.dada.it,AVAILABILITY,origin.list,origin.list,2022-12-31 05:29:24.070607,6e39bf7f3a2aa84fcd770ccd
ads.economist.com,AVAILABILITY,origin.list,origin.list,2022-12-31 05:29:24.332047,6e39bf7f3a2aa84fcd770ccd
ads.einmedia.com,AVAILABILITY,origin.list,origin.list,2022-12-31 05:29:24.857012,6e39bf7f3a2aa84fcd770ccd
ads.electrocelt.com,AVAILABILITY,origin.list,origin.list,2022-12-31 05:29:24.919186,6e39bf7f3a2aa84fcd770ccd
ads.emirates.net.ae,AVAILABILITY,origin.list,origin.list,2022-12-31 05:29:26.234355,6e39bf7f3a2aa84fcd770ccd
ads.detelefoongids.nl,AVAILABILITY,origin.list,origin.list,2022-12-31 05:29:26.390313,6e39bf7f3a2aa84fcd770ccd
ads.epltalk.com,AVAILABILITY,origin.list,origin.list,2022-12-31 05:29:26.954511,6e39bf7f3a2aa84fcd770ccd
ads.eu.msn.com,AVAILABILITY,origin.list,origin.list,2022-12-31 05:29:27.001856,6e39bf7f3a2aa84fcd770ccd
ads.expat-blog.biz,AVAILABILITY,origin.list,origin.list,2022-12-31 05:29:27.375948,6e39bf7f3a2aa84fcd770ccd
ads.faxo.com,AVAILABILITY,origin.list,origin.list,2022-12-31 05:29:28.473088,6e39bf7f3a2aa84fcd770ccd
ads.fairfax.com.au,AVAILABILITY,origin.list,origin.list,2022-12-31 05:29:29.082085,6e39bf7f3a2aa84fcd770ccd
ads.ferianc.com,AVAILABILITY,origin.list,origin.list,2022-12-31 05:29:29.851567,6e39bf7f3a2aa84fcd770ccd
ads.financialcontent.com,AVAILABILITY,origin.list,origin.list,2022-12-31 05:29:30.736224,6e39bf7f3a2aa84fcd770ccd
ads.filmup.com,AVAILABILITY,origin.list,origin.list,2022-12-31 05:29:31.157535,6e39bf7f3a2aa84fcd770ccd
ads.fool.com,AVAILABILITY,origin.list,origin.list,2022-12-31 05:29:32.481632,6e39bf7f3a2aa84fcd770ccd
ads.edbindex.dk,AVAILABILITY,origin.list,origin.list,2022-12-31 05:29:33.825327,6e39bf7f3a2aa84fcd770ccd
ads.elitetrader.com,AVAILABILITY,origin.list,origin.list,2022-12-31 05:29:34.866256,6e39bf7f3a2aa84fcd770ccd
ads.exactdrive.com,AVAILABILITY,origin.list,origin.list,2022-12-31 05:29:37.050449,6e39bf7f3a2aa84fcd770ccd
ads.fotosidan.se,AVAILABILITY,origin.list,origin.list,2022-12-31 05:29:38.988536,6e39bf7f3a2aa84fcd770ccd
ads.foxnetworks.com,AVAILABILITY,origin.list,origin.list,2022-12-31 05:29:40.375075,6e39bf7f3a2aa84fcd770ccd
ads.friendfinder.com,AVAILABILITY,origin.list,origin.list,2022-12-31 05:29:41.102781,6e39bf7f3a2aa84fcd770ccd
ads.flooble.com,AVAILABILITY,origin.list,origin.list,2022-12-31 05:29:41.381689,6e39bf7f3a2aa84fcd770ccd
ads.gamershell.com,AVAILABILITY,origin.list,origin.list,2022-12-31 05:29:42.302165,6e39bf7f3a2aa84fcd770ccd
ads.gamecity.net,AVAILABILITY,origin.list,origin.list,2022-12-31 05:29:42.481428,6e39bf7f3a2aa84fcd770ccd
ads.gamespyid.com,AVAILABILITY,origin.list,origin.list,2022-12-31 05:29:42.887484,6e39bf7f3a2aa84fcd770ccd
ads.footymad.net,AVAILABILITY,origin.list,origin.list,2022-12-31 05:29:43.066245,6e39bf7f3a2aa84fcd770ccd
ads.gaming-universe.de,AVAILABILITY,origin.list,origin.list,2022-12-31 05:29:43.302346,6e39bf7f3a2aa84fcd770ccd
ads.geekswithblogs.net,AVAILABILITY,origin.list,origin.list,2022-12-31 05:29:43.903143,6e39bf7f3a2aa84fcd770ccd
ads.gmodules.com,AVAILABILITY,origin.list,origin.list,2022-12-31 05:29:44.317072,6e39bf7f3a2aa84fcd770ccd
ads.forbes.net,AVAILABILITY,origin.list,origin.list,2022-12-31 05:29:44.588689,6e39bf7f3a2aa84fcd770ccd
ads.goyk.com,AVAILABILITY,origin.list,origin.list,2022-12-31 05:29:44.736819,6e39bf7f3a2aa84fcd770ccd
ads.gradfinder.com,AVAILABILITY,origin.list,origin.list,2022-12-31 05:29:45.158098,6e39bf7f3a2aa84fcd770ccd
ads.fortunecity.com,AVAILABILITY,origin.list,origin.list,2022-12-31 05:29:45.659141,6e39bf7f3a2aa84fcd770ccd
ads.grindinggears.com,AVAILABILITY,origin.list,origin.list,2022-12-31 05:29:45.711659,6e39bf7f3a2aa84fcd770ccd
ads.gsm-exchange.com,AVAILABILITY,origin.list,origin.list,2022-12-31 05:29:45.786087,6e39bf7f3a2aa84fcd770ccd
ads.guardianunlimited.co.uk,AVAILABILITY,origin.list,origin.list,2022-12-31 05:29:47.116217,6e39bf7f3a2aa84fcd770ccd
ads.gsmexchange.com,AVAILABILITY,origin.list,origin.list,2022-12-31 05:29:47.244929,6e39bf7f3a2aa84fcd770ccd
ads.gamigo.de,AVAILABILITY,origin.list,origin.list,2022-12-31 05:29:53.162348,6e39bf7f3a2aa84fcd770ccd
ads.hearstmags.com,AVAILABILITY,origin.list,origin.list,2022-12-31 05:29:54.074634,6e39bf7f3a2aa84fcd770ccd
ads.gplusmedia.com,AVAILABILITY,origin.list,origin.list,2022-12-31 05:29:54.915388,6e39bf7f3a2aa84fcd770ccd
ads.heartlight.org,AVAILABILITY,origin.list,origin.list,2022-12-31 05:29:54.916960,6e39bf7f3a2aa84fcd770ccd
ads.heias.com,AVAILABILITY,origin.list,origin.list,2022-12-31 05:29:55.506302,6e39bf7f3a2aa84fcd770ccd
ads.hollywood.com,AVAILABILITY,origin.list,origin.list,2022-12-31 05:29:55.798567,6e39bf7f3a2aa84fcd770ccd
ads.guardian.co.uk,AVAILABILITY,origin.list,origin.list,2022-12-31 05:29:56.238925,6e39bf7f3a2aa84fcd770ccd
ads.horyzon-media.com,AVAILABILITY,origin.list,origin.list,2022-12-31 05:29:56.254729,6e39bf7f3a2aa84fcd770ccd
ads.horsehero.com,AVAILABILITY,origin.list,origin.list,2022-12-31 05:29:56.891944,6e39bf7f3a2aa84fcd770ccd
ads.ibest.com.br,AVAILABILITY,origin.list,origin.list,2022-12-31 05:29:57.048348,6e39bf7f3a2aa84fcd770ccd
ads.guru3d.com,AVAILABILITY,origin.list,origin.list,2022-12-31 05:29:57.662606,6e39bf7f3a2aa84fcd770ccd
ads.ign.com,AVAILABILITY,origin.list,origin.list,2022-12-31 05:29:57.670960,6e39bf7f3a2aa84fcd770ccd
ads.hbv.de,AVAILABILITY,origin.list,origin.list,2022-12-31 05:29:58.216043,6e39bf7f3a2aa84fcd770ccd
ads.imgur.com,AVAILABILITY,origin.list,origin.list,2022-12-31 05:29:58.746316,6e39bf7f3a2aa84fcd770ccd
ads.internic.co.il,AVAILABILITY,origin.list,origin.list,2022-12-31 05:29:59.115058,6e39bf7f3a2aa84fcd770ccd
ads.isoftmarketing.com,AVAILABILITY,origin.list,origin.list,2022-12-31 05:29:59.934390,6e39bf7f3a2aa84fcd770ccd
ads.icq.com,AVAILABILITY,origin.list,origin.list,2022-12-31 05:30:00.280613,6e39bf7f3a2aa84fcd770ccd
ads.iwon.com,AVAILABILITY,origin.list,origin.list,2022-12-31 05:30:01.398086,6e39bf7f3a2aa84fcd770ccd
ads.jewishfriendfinder.com,AVAILABILITY,origin.list,origin.list,2022-12-31 05:30:01.969035,6e39bf7f3a2aa84fcd770ccd
ads.jobsite.co.uk,AVAILABILITY,origin.list,origin.list,2022-12-31 05:30:02.971174,6e39bf7f3a2aa84fcd770ccd
ads.justhungry.com,AVAILABILITY,origin.list,origin.list,2022-12-31 05:30:04.692044,6e39bf7f3a2aa84fcd770ccd
ads.kaktuz.net,AVAILABILITY,origin.list,origin.list,2022-12-31 05:30:05.431562,6e39bf7f3a2aa84fcd770ccd
ads.kelbymediagroup.com,AVAILABILITY,origin.list,origin.list,2022-12-31 05:30:06.103977,6e39bf7f3a2aa84fcd770ccd
ads.ibryte.com,AVAILABILITY,origin.list,origin.list,2022-12-31 05:30:07.132624,6e39bf7f3a2aa84fcd770ccd
ads.kinxxx.com,AVAILABILITY,origin.list,origin.list,2022-12-31 05:30:07.715187,6e39bf7f3a2aa84fcd770ccd
ads.infi.net,AVAILABILITY,origin.list,origin.list,2022-12-31 05:30:08.667324,6e39bf7f3a2aa84fcd770ccd
ads.ipowerweb.com,AVAILABILITY,origin.list,origin.list,2022-12-31 05:30:09.386426,6e39bf7f3a2aa84fcd770ccd
ads.kompass.com,AVAILABILITY,origin.list,origin.list,2022-12-31 05:30:09.452965,6e39bf7f3a2aa84fcd770ccd
ads.lesbianpersonals.com,AVAILABILITY,origin.list,origin.list,2022-12-31 05:30:09.958024,6e39bf7f3a2aa84fcd770ccd
ads.kinobox.cz,AVAILABILITY,origin.list,origin.list,2022-12-31 05:30:10.070911,6e39bf7f3a2aa84fcd770ccd
ads.linuxjournal.com,AVAILABILITY,origin.list,origin.list,2022-12-31 05:30:10.464982,6e39bf7f3a2aa84fcd770ccd
ads.itv.com,AVAILABILITY,origin.list,origin.list,2022-12-31 05:30:10.495088,6e39bf7f3a2aa84fcd770ccd
ads.mariuana.it,AVAILABILITY,origin.list,origin.list,2022-12-31 05:30:11.572411,6e39bf7f3a2aa84fcd770ccd
ads.massinfra.nl,AVAILABILITY,origin.list,origin.list,2022-12-31 05:30:11.801141,6e39bf7f3a2aa84fcd770ccd
ads.krawall.de,AVAILABILITY,origin.list,origin.list,2022-12-31 05:30:12.027360,6e39bf7f3a2aa84fcd770ccd
ads.mgnetwork.com,AVAILABILITY,origin.list,origin.list,2022-12-31 05:30:12.677741,6e39bf7f3a2aa84fcd770ccd
ads.medienhaus.de,AVAILABILITY,origin.list,origin.list,2022-12-31 05:30:13.260922,6e39bf7f3a2aa84fcd770ccd
ads.mediaodyssey.com,AVAILABILITY,origin.list,origin.list,2022-12-31 05:30:14.508404,6e39bf7f3a2aa84fcd770ccd
ads.msn.com,AVAILABILITY,origin.list,origin.list,2022-12-31 05:30:14.693196,6e39bf7f3a2aa84fcd770ccd
ads.multimania.lycos.fr,AVAILABILITY,origin.list,origin.list,2022-12-31 05:30:16.003587,6e39bf7f3a2aa84fcd770ccd
ads.newgrounds.com,AVAILABILITY,origin.list,origin.list,2022-12-31 05:30:18.093172,6e39bf7f3a2aa84fcd770ccd
ads.newmedia.cz,AVAILABILITY,origin.list,origin.list,2022-12-31 05:30:20.085302,6e39bf7f3a2aa84fcd770ccd
ads.livenation.com,AVAILABILITY,origin.list,origin.list,2022-12-31 05:30:20.916970,6e39bf7f3a2aa84fcd770ccd
ads.mcafee.com,AVAILABILITY,origin.list,origin.list,2022-12-31 05:30:21.179276,6e39bf7f3a2aa84fcd770ccd
ads.nj.com,AVAILABILITY,origin.list,origin.list,2022-12-31 05:30:22.203686,6e39bf7f3a2aa84fcd770ccd
ads.newsquest.co.uk,AVAILABILITY,origin.list,origin.list,2022-12-31 05:30:22.760743,6e39bf7f3a2aa84fcd770ccd
ads.nola.com,AVAILABILITY,origin.list,origin.list,2022-12-31 05:30:22.808272,6e39bf7f3a2aa84fcd770ccd
ads.mmania.com,AVAILABILITY,origin.list,origin.list,2022-12-31 05:30:24.201090,6e39bf7f3a2aa84fcd770ccd
ads.nordichardware.se,AVAILABILITY,origin.list,origin.list,2022-12-31 05:30:24.715444,6e39bf7f3a2aa84fcd770ccd
ads.nytimes.com,AVAILABILITY,origin.list,origin.list,2022-12-31 05:30:25.631853,6e39bf7f3a2aa84fcd770ccd
ads.networksolutions.com,AVAILABILITY,origin.list,origin.list,2022-12-31 05:30:26.099237,6e39bf7f3a2aa84fcd770ccd
ads.nzcity.co.nz,AVAILABILITY,origin.list,origin.list,2022-12-31 05:30:27.401142,6e39bf7f3a2aa84fcd770ccd
ads.nyx.cz,AVAILABILITY,origin.list,origin.list,2022-12-31 05:30:28.207722,6e39bf7f3a2aa84fcd770ccd
ads.oddschecker.com,AVAILABILITY,origin.list,origin.list,2022-12-31 05:30:29.479826,6e39bf7f3a2aa84fcd770ccd
ads.okcimg.com,AVAILABILITY,origin.list,origin.list,2022-12-31 05:30:30.119572,6e39bf7f3a2aa84fcd770ccd
ads.newsint.co.uk,AVAILABILITY,origin.list,origin.list,2022-12-31 05:30:30.628750,6e39bf7f3a2aa84fcd770ccd
ads.nordichardware.com,AVAILABILITY,origin.list,origin.list,2022-12-31 05:30:33.379802,6e39bf7f3a2aa84fcd770ccd
ads.nyi.net,AVAILABILITY,origin.list,origin.list,2022-12-31 05:30:34.954425,6e39bf7f3a2aa84fcd770ccd
ads.outpersonals.com,AVAILABILITY,origin.list,origin.list,2022-12-31 05:30:35.497238,6e39bf7f3a2aa84fcd770ccd
ads.p161.net,AVAILABILITY,origin.list,origin.list,2022-12-31 05:30:36.143564,6e39bf7f3a2aa84fcd770ccd
ads.passion.com,AVAILABILITY,origin.list,origin.list,2022-12-31 05:30:36.747162,6e39bf7f3a2aa84fcd770ccd
ads.o2.pl,AVAILABILITY,origin.list,origin.list,2022-12-31 05:30:38.325238,6e39bf7f3a2aa84fcd770ccd
ads.pickmeup-ltd.com,AVAILABILITY,origin.list,origin.list,2022-12-31 05:30:38.744290,6e39bf7f3a2aa84fcd770ccd
ads.phpclasses.org,AVAILABILITY,origin.list,origin.list,2022-12-31 05:30:38.771177,6e39bf7f3a2aa84fcd770ccd
ads.ole.com,AVAILABILITY,origin.list,origin.list,2022-12-31 05:30:40.818932,6e39bf7f3a2aa84fcd770ccd
ads.oneplace.com,AVAILABILITY,origin.list,origin.list,2022-12-31 05:30:41.422391,6e39bf7f3a2aa84fcd770ccd
ads.pof.com,AVAILABILITY,origin.list,origin.list,2022-12-31 05:30:41.641660,6e39bf7f3a2aa84fcd770ccd
ads.optusnet.com.au,AVAILABILITY,origin.list,origin.list,2022-12-31 05:30:44.488874,6e39bf7f3a2aa84fcd770ccd
ads.printscr.com,AVAILABILITY,origin.list,origin.list,2022-12-31 05:30:47.484355,6e39bf7f3a2aa84fcd770ccd
ads.pni.com,AVAILABILITY,origin.list,origin.list,2022-12-31 05:30:49.546396,6e39bf7f3a2aa84fcd770ccd
ads.planet.nl,AVAILABILITY,origin.list,origin.list,2022-12-31 05:30:49.678872,6e39bf7f3a2aa84fcd770ccd
ads.program3.com,AVAILABILITY,origin.list,origin.list,2022-12-31 05:30:50.316919,6e39bf7f3a2aa84fcd770ccd
ads.psd2html.com,AVAILABILITY,origin.list,origin.list,2022-12-31 05:30:50.463675,6e39bf7f3a2aa84fcd770ccd
ads.pushplay.com,AVAILABILITY,origin.list,origin.list,2022-12-31 05:30:51.039542,6e39bf7f3a2aa84fcd770ccd
ads.powweb.com,AVAILABILITY,origin.list,origin.list,2022-12-31 05:30:52.104361,6e39bf7f3a2aa84fcd770ccd
ads.primissima.it,AVAILABILITY,origin.list,origin.list,2022-12-31 05:30:52.870190,6e39bf7f3a2aa84fcd770ccd
ads.prisacom.com,AVAILABILITY,origin.list,origin.list,2022-12-31 05:30:58.067139,6e39bf7f3a2aa84fcd770ccd
ads.rcs.it,AVAILABILITY,origin.list,origin.list,2022-12-31 05:31:01.941539,6e39bf7f3a2aa84fcd770ccd
ads.quoka.de,AVAILABILITY,origin.list,origin.list,2022-12-31 05:31:11.004383,6e39bf7f3a2aa84fcd770ccd
ads.recoletos.es,AVAILABILITY,origin.list,origin.list,2022-12-31 05:31:12.560630,6e39bf7f3a2aa84fcd770ccd
ads.rediff.com,AVAILABILITY,origin.list,origin.list,2022-12-31 05:31:13.313821,6e39bf7f3a2aa84fcd770ccd
ads.redlightcenter.com,AVAILABILITY,origin.list,origin.list,2022-12-31 05:31:18.569096,6e39bf7f3a2aa84fcd770ccd
ads.rpgdot.com,AVAILABILITY,origin.list,origin.list,2022-12-31 05:31:23.222781,6e39bf7f3a2aa84fcd770ccd
ads.s3.sitepoint.com,AVAILABILITY,origin.list,origin.list,2022-12-31 05:31:31.458331,6e39bf7f3a2aa84fcd770ccd
ads.satyamonline.com,AVAILABILITY,origin.list,origin.list,2022-12-31 05:31:33.076836,6e39bf7f3a2aa84fcd770ccd
ads.savannahnow.com,AVAILABILITY,origin.list,origin.list,2022-12-31 05:31:33.801874,6e39bf7f3a2aa84fcd770ccd
ads.saymedia.com,AVAILABILITY,origin.list,origin.list,2022-12-31 05:31:34.105954,6e39bf7f3a2aa84fcd770ccd
ads.scifi.com,AVAILABILITY,origin.list,origin.list,2022-12-31 05:31:43.652274,6e39bf7f3a2aa84fcd770ccd
ads.seniorfriendfinder.com,AVAILABILITY,origin.list,origin.list,2022-12-31 05:31:47.028392,6e39bf7f3a2aa84fcd770ccd
ads.sexinyourcity.com,AVAILABILITY,origin.list,origin.list,2022-12-31 05:31:53.771018,6e39bf7f3a2aa84fcd770ccd
ads.shizmoo.com,AVAILABILITY,origin.list,origin.list,2022-12-31 05:31:54.363898,6e39bf7f3a2aa84fcd770ccd
ads.shopstyle.com,AVAILABILITY,origin.list,origin.list,2022-12-31 05:31:54.650444,6e39bf7f3a2aa84fcd770ccd
ads.smartclick.com,AVAILABILITY,origin.list,origin.list,2022-12-31 05:32:02.328414,6e39bf7f3a2aa84fcd770ccd
ads.sift.co.uk,AVAILABILITY,origin.list,origin.list,2022-12-31 05:32:03.001842,6e39bf7f3a2aa84fcd770ccd
ads.stackoverflow.com,AVAILABILITY,origin.list,origin.list,2022-12-31 05:32:10.553839,6e39bf7f3a2aa84fcd770ccd
ads.soft32.com,AVAILABILITY,origin.list,origin.list,2022-12-31 05:32:14.223320,6e39bf7f3a2aa84fcd770ccd
ads.space.com,AVAILABILITY,origin.list,origin.list,2022-12-31 05:32:14.831791,6e39bf7f3a2aa84fcd770ccd
ads.struq.com,AVAILABILITY,origin.list,origin.list,2022-12-31 05:32:22.128505,6e39bf7f3a2aa84fcd770ccd
ads.sun.com,AVAILABILITY,origin.list,origin.list,2022-12-31 05:32:23.468404,6e39bf7f3a2aa84fcd770ccd
ads.supplyframe.com,AVAILABILITY,origin.list,origin.list,2022-12-31 05:32:31.066386,6e39bf7f3a2aa84fcd770ccd
ads.tahono.com,AVAILABILITY,origin.list,origin.list,2022-12-31 05:32:34.898424,6e39bf7f3a2aa84fcd770ccd
ads.themovienation.com,AVAILABILITY,origin.list,origin.list,2022-12-31 05:32:36.233488,6e39bf7f3a2aa84fcd770ccd
ads.thestar.com,AVAILABILITY,origin.list,origin.list,2022-12-31 05:32:42.667044,6e39bf7f3a2aa84fcd770ccd
ads.tmcs.net,AVAILABILITY,origin.list,origin.list,2022-12-31 05:32:43.867297,6e39bf7f3a2aa84fcd770ccd
ads.trinitymirror.co.uk,AVAILABILITY,origin.list,origin.list,2022-12-31 05:32:50.564873,6e39bf7f3a2aa84fcd770ccd
ads.tripod.com,AVAILABILITY,origin.list,origin.list,2022-12-31 05:32:56.715618,6e39bf7f3a2aa84fcd770ccd
ads.townhall.com,AVAILABILITY,origin.list,origin.list,2022-12-31 05:32:56.846302,6e39bf7f3a2aa84fcd770ccd
ads.tripod.lycos.co.uk,AVAILABILITY,origin.list,origin.list,2022-12-31 05:33:03.146340,6e39bf7f3a2aa84fcd770ccd
ads.tripod.lycos.de,AVAILABILITY,origin.list,origin.list,2022-12-31 05:33:04.349345,6e39bf7f3a2aa84fcd770ccd
ads.tripod.lycos.es,AVAILABILITY,origin.list,origin.list,2022-12-31 05:33:11.063518,6e39bf7f3a2aa84fcd770ccd
ads.ultimate-guitar.com,AVAILABILITY,origin.list,origin.list,2022-12-31 05:33:11.507725,6e39bf7f3a2aa84fcd770ccd
ads.tripod.lycos.it,AVAILABILITY,origin.list,origin.list,2022-12-31 05:33:17.202486,6e39bf7f3a2aa84fcd770ccd
ads.tripod.lycos.nl,AVAILABILITY,origin.list,origin.list,2022-12-31 05:33:17.319900,6e39bf7f3a2aa84fcd770ccd
ads.tso.dennisnet.co.uk,AVAILABILITY,origin.list,origin.list,2022-12-31 05:33:18.940980,6e39bf7f3a2aa84fcd770ccd
ads.undertone.com,AVAILABILITY,origin.list,origin.list,2022-12-31 05:33:19.053562,6e39bf7f3a2aa84fcd770ccd
ads.uncrate.com,AVAILABILITY,origin.list,origin.list,2022-12-31 05:33:20.043717,6e39bf7f3a2aa84fcd770ccd
ads.videosz.com,AVAILABILITY,origin.list,origin.list,2022-12-31 05:33:20.741155,6e39bf7f3a2aa84fcd770ccd
ads.virtual-nights.com,AVAILABILITY,origin.list,origin.list,2022-12-31 05:33:21.137934,6e39bf7f3a2aa84fcd770ccd
ads.verticalresponse.com,AVAILABILITY,origin.list,origin.list,2022-12-31 05:33:21.243381,6e39bf7f3a2aa84fcd770ccd
ads.usatoday.com,AVAILABILITY,origin.list,origin.list,2022-12-31 05:33:21.450514,6e39bf7f3a2aa84fcd770ccd
ads.vgchartz.com,AVAILABILITY,origin.list,origin.list,2022-12-31 05:33:21.832128,6e39bf7f3a2aa84fcd770ccd
ads.virtualcountries.com,AVAILABILITY,origin.list,origin.list,2022-12-31 05:33:21.858904,6e39bf7f3a2aa84fcd770ccd
ads.vnumedia.com,AVAILABILITY,origin.list,origin.list,2022-12-31 05:33:22.205474,6e39bf7f3a2aa84fcd770ccd
ads.wapx.cn,AVAILABILITY,origin.list,origin.list,2022-12-31 05:33:23.621846,6e39bf7f3a2aa84fcd770ccd
ads.web.de,AVAILABILITY,origin.list,origin.list,2022-12-31 05:33:24.140354,6e39bf7f3a2aa84fcd770ccd
ads.websiteservices.com,AVAILABILITY,origin.list,origin.list,2022-12-31 05:33:25.194288,6e39bf7f3a2aa84fcd770ccd
ads.webmasterpoint.org,AVAILABILITY,origin.list,origin.list,2022-12-31 05:33:25.481284,6e39bf7f3a2aa84fcd770ccd
ads.whoishostingthis.com,AVAILABILITY,origin.list,origin.list,2022-12-31 05:33:26.173168,6e39bf7f3a2aa84fcd770ccd
ads.uknetguide.co.uk,AVAILABILITY,origin.list,origin.list,2022-12-31 05:33:28.834469,6e39bf7f3a2aa84fcd770ccd
ads.weather.ca,AVAILABILITY,origin.list,origin.list,2022-12-31 05:33:29.482500,6e39bf7f3a2aa84fcd770ccd
ads.xhamster.com,AVAILABILITY,origin.list,origin.list,2022-12-31 05:33:33.279691,6e39bf7f3a2aa84fcd770ccd
ads.wiezoekje.nl,AVAILABILITY,origin.list,origin.list,2022-12-31 05:33:36.132677,6e39bf7f3a2aa84fcd770ccd
ads.wineenthusiast.com,AVAILABILITY,origin.list,origin.list,2022-12-31 05:33:36.770130,6e39bf7f3a2aa84fcd770ccd
ads.yldmgrimg.net,AVAILABILITY,origin.list,origin.list,2022-12-31 05:33:37.446010,6e39bf7f3a2aa84fcd770ccd
ads.yimg.com,AVAILABILITY,origin.list,origin.list,2022-12-31 05:33:39.738249,6e39bf7f3a2aa84fcd770ccd
ads.wwe.biz,AVAILABILITY,origin.list,origin.list,2022-12-31 05:33:42.784761,6e39bf7f3a2aa84fcd770ccd
ads.xtra.co.nz,AVAILABILITY,origin.list,origin.list,2022-12-31 05:33:44.371535,6e39bf7f3a2aa84fcd770ccd
ads1.rne.com,AVAILABILITY,origin.list,origin.list,2022-12-31 05:33:44.954535,6e39bf7f3a2aa84fcd770ccd
ads1.virtual-nights.com,AVAILABILITY,origin.list,origin.list,2022-12-31 05:33:45.596571,6e39bf7f3a2aa84fcd770ccd
ads1.msn.com,AVAILABILITY,origin.list,origin.list,2022-12-31 05:33:47.246541,6e39bf7f3a2aa84fcd770ccd
ads.youtube.com,AVAILABILITY,origin.list,origin.list,2022-12-31 05:33:47.420287,6e39bf7f3a2aa84fcd770ccd
ads2.brazzers.com,AVAILABILITY,origin.list,origin.list,2022-12-31 05:33:49.429911,6e39bf7f3a2aa84fcd770ccd
ads180.com,AVAILABILITY,origin.list,origin.list,2022-12-31 05:33:49.496529,6e39bf7f3a2aa84fcd770ccd
ads2.gamecity.net,AVAILABILITY,origin.list,origin.list,2022-12-31 05:33:50.677569,6e39bf7f3a2aa84fcd770ccd
ads2.net-communities.co.uk,AVAILABILITY,origin.list,origin.list,2022-12-31 05:33:51.338725,6e39bf7f3a2aa84fcd770ccd
ads1.mediacapital.pt,AVAILABILITY,origin.list,origin.list,2022-12-31 05:33:51.851241,6e39bf7f3a2aa84fcd770ccd
ads2.virtual-nights.com,AVAILABILITY,origin.list,origin.list,2022-12-31 05:33:52.293465,6e39bf7f3a2aa84fcd770ccd
ads2.rne.com,AVAILABILITY,origin.list,origin.list,2022-12-31 05:33:52.653669,6e39bf7f3a2aa84fcd770ccd
ads2.xnet.cz,AVAILABILITY,origin.list,origin.list,2022-12-31 05:33:54.153422,6e39bf7f3a2aa84fcd770ccd
ads3.gamecity.net,AVAILABILITY,origin.list,origin.list,2022-12-31 05:33:55.090442,6e39bf7f3a2aa84fcd770ccd
ads3.virtual-nights.com,AVAILABILITY,origin.list,origin.list,2022-12-31 05:33:55.502064,6e39bf7f3a2aa84fcd770ccd
ads10.speedbit.com,AVAILABILITY,origin.list,origin.list,2022-12-31 05:33:56.216730,6e39bf7f3a2aa84fcd770ccd
ads4.virtual-nights.com,AVAILABILITY,origin.list,origin.list,2022-12-31 05:33:56.669149,6e39bf7f3a2aa84fcd770ccd
ads4.gamecity.net,AVAILABILITY,origin.list,origin.list,2022-12-31 05:33:56.722680,6e39bf7f3a2aa84fcd770ccd
ads5.virtual-nights.com,AVAILABILITY,origin.list,origin.list,2022-12-31 05:33:57.370735,6e39bf7f3a2aa84fcd770ccd
ads4homes.com,AVAILABILITY,origin.list,origin.list,2022-12-31 05:33:59.859614,6e39bf7f3a2aa84fcd770ccd
ads2.clearchannel.com,AVAILABILITY,origin.list,origin.list,2022-12-31 05:33:59.966474,6e39bf7f3a2aa84fcd770ccd
ads6.gamecity.net,AVAILABILITY,origin.list,origin.list,2022-12-31 05:34:00.134456,6e39bf7f3a2aa84fcd770ccd
ads2004.treiberupdate.de,AVAILABILITY,origin.list,origin.list,2022-12-31 05:34:04.067735,6e39bf7f3a2aa84fcd770ccd
ads7.gamecity.net,AVAILABILITY,origin.list,origin.list,2022-12-31 05:34:04.407881,6e39bf7f3a2aa84fcd770ccd
adsatt.abc.starwave.com,AVAILABILITY,origin.list,origin.list,2022-12-31 05:34:12.935381,6e39bf7f3a2aa84fcd770ccd
adsby.bidtheatre.com,AVAILABILITY,origin.list,origin.list,2022-12-31 05:34:14.862841,6e39bf7f3a2aa84fcd770ccd
ads8.com,AVAILABILITY,origin.list,origin.list,2022-12-31 05:34:15.102189,6e39bf7f3a2aa84fcd770ccd
adscholar.com,AVAILABILITY,origin.list,origin.list,2022-12-31 05:34:16.955498,6e39bf7f3a2aa84fcd770ccd
adsatt.espn.go.com,AVAILABILITY,origin.list,origin.list,2022-12-31 05:34:18.171755,6e39bf7f3a2aa84fcd770ccd
adscpm.com,AVAILABILITY,origin.list,origin.list,2022-12-31 05:34:18.842583,6e39bf7f3a2aa84fcd770ccd
adsatt.espn.starwave.com,AVAILABILITY,origin.list,origin.list,2022-12-31 05:34:19.216838,6e39bf7f3a2aa84fcd770ccd
ads.wikia.nocookie.net,AVAILABILITY,origin.list,origin.list,2022-12-31 05:34:22.860528,6e39bf7f3a2aa84fcd770ccd
adsdk.com,AVAILABILITY,origin.list,origin.list,2022-12-31 05:34:23.035968,6e39bf7f3a2aa84fcd770ccd
adsdaq.com,AVAILABILITY,origin.list,origin.list,2022-12-31 05:34:23.112290,6e39bf7f3a2aa84fcd770ccd
adserv.quality-channel.de,AVAILABILITY,origin.list,origin.list,2022-12-31 05:34:23.857486,6e39bf7f3a2aa84fcd770ccd
adserve.ams.rhythmxchange.com,AVAILABILITY,origin.list,origin.list,2022-12-31 05:34:25.099368,6e39bf7f3a2aa84fcd770ccd
adsend.de,AVAILABILITY,origin.list,origin.list,2022-12-31 05:34:25.297853,6e39bf7f3a2aa84fcd770ccd
adserver.71i.de,AVAILABILITY,origin.list,origin.list,2022-12-31 05:34:25.924383,6e39bf7f3a2aa84fcd770ccd
adserver.adultfriendfinder.com,AVAILABILITY,origin.list,origin.list,2022-12-31 05:34:26.268405,6e39bf7f3a2aa84fcd770ccd
adscale.de,AVAILABILITY,origin.list,origin.list,2022-12-31 05:34:26.722482,6e39bf7f3a2aa84fcd770ccd
adserver.barrapunto.com,AVAILABILITY,origin.list,origin.list,2022-12-31 05:34:27.050050,6e39bf7f3a2aa84fcd770ccd
adserver.aol.fr,AVAILABILITY,origin.list,origin.list,2022-12-31 05:34:27.096728,6e39bf7f3a2aa84fcd770ccd
adserver.43plc.com,AVAILABILITY,origin.list,origin.list,2022-12-31 05:34:27.766125,6e39bf7f3a2aa84fcd770ccd
adscience.nl,AVAILABILITY,origin.list,origin.list,2022-12-31 05:34:27.916659,6e39bf7f3a2aa84fcd770ccd
adserver.break-even.it,AVAILABILITY,origin.list,origin.list,2022-12-31 05:34:28.354848,6e39bf7f3a2aa84fcd770ccd
adserver.cams.com,AVAILABILITY,origin.list,origin.list,2022-12-31 05:34:30.327629,6e39bf7f3a2aa84fcd770ccd
adserver.bing.com,AVAILABILITY,origin.list,origin.list,2022-12-31 05:34:32.231900,6e39bf7f3a2aa84fcd770ccd
adserver.beggarspromo.com,AVAILABILITY,origin.list,origin.list,2022-12-31 05:34:32.786840,6e39bf7f3a2aa84fcd770ccd
adserver.bizhat.com,AVAILABILITY,origin.list,origin.list,2022-12-31 05:34:32.842921,6e39bf7f3a2aa84fcd770ccd
adserver.digitoday.com,AVAILABILITY,origin.list,origin.list,2022-12-31 05:34:33.021489,6e39bf7f3a2aa84fcd770ccd
adserver.betandwin.de,AVAILABILITY,origin.list,origin.list,2022-12-31 05:34:38.904296,6e39bf7f3a2aa84fcd770ccd
adserver.irishwebmasterforum.com,AVAILABILITY,origin.list,origin.list,2022-12-31 05:34:39.956493,6e39bf7f3a2aa84fcd770ccd
adserver.finditquick.com,AVAILABILITY,origin.list,origin.list,2022-12-31 05:34:44.101408,6e39bf7f3a2aa84fcd770ccd
adserver.friendfinder.com,AVAILABILITY,origin.list,origin.list,2022-12-31 05:34:44.178386,6e39bf7f3a2aa84fcd770ccd
adserver.kyoceramita-europe.com,AVAILABILITY,origin.list,origin.list,2022-12-31 05:34:44.507656,6e39bf7f3a2aa84fcd770ccd
adserver.com,AVAILABILITY,origin.list,origin.list,2022-12-31 05:34:44.600842,6e39bf7f3a2aa84fcd770ccd
adserver.ngz-network.de,AVAILABILITY,origin.list,origin.list,2022-12-31 05:34:45.085710,6e39bf7f3a2aa84fcd770ccd
adserver.html.it,AVAILABILITY,origin.list,origin.list,2022-12-31 05:34:53.026754,6e39bf7f3a2aa84fcd770ccd
adserver.oddschecker.com,AVAILABILITY,origin.list,origin.list,2022-12-31 05:34:53.695706,6e39bf7f3a2aa84fcd770ccd
adserver.janes.com,AVAILABILITY,origin.list,origin.list,2022-12-31 05:34:54.012845,6e39bf7f3a2aa84fcd770ccd
adserver.pl,AVAILABILITY,origin.list,origin.list,2022-12-31 05:34:54.778096,6e39bf7f3a2aa84fcd770ccd
adserver.omroepzeeland.nl,AVAILABILITY,origin.list,origin.list,2022-12-31 05:34:54.943267,6e39bf7f3a2aa84fcd770ccd
adserver.news.com.au,AVAILABILITY,origin.list,origin.list,2022-12-31 05:34:55.221327,6e39bf7f3a2aa84fcd770ccd
adserver.nydailynews.com,AVAILABILITY,origin.list,origin.list,2022-12-31 05:34:55.264092,6e39bf7f3a2aa84fcd770ccd
adserver.o2.pl,AVAILABILITY,origin.list,origin.list,2022-12-31 05:34:56.032635,6e39bf7f3a2aa84fcd770ccd
adserver.quizdingo.com,AVAILABILITY,origin.list,origin.list,2022-12-31 05:34:56.236920,6e39bf7f3a2aa84fcd770ccd
adserver.realhomesex.net,AVAILABILITY,origin.list,origin.list,2022-12-31 05:34:56.551148,6e39bf7f3a2aa84fcd770ccd
adserver.sharewareonline.com,AVAILABILITY,origin.list,origin.list,2022-12-31 05:34:56.861091,6e39bf7f3a2aa84fcd770ccd
adserver.startnow.com,AVAILABILITY,origin.list,origin.list,2022-12-31 05:34:57.609957,6e39bf7f3a2aa84fcd770ccd
adserver.spankaway.com,AVAILABILITY,origin.list,origin.list,2022-12-31 05:34:57.631352,6e39bf7f3a2aa84fcd770ccd
adserver.sciflicks.com,AVAILABILITY,origin.list,origin.list,2022-12-31 05:34:57.743115,6e39bf7f3a2aa84fcd770ccd
adserver.twitpic.com,AVAILABILITY,origin.list,origin.list,2022-12-31 05:34:58.212110,6e39bf7f3a2aa84fcd770ccd
adserver.portugalmail.net,AVAILABILITY,origin.list,origin.list,2022-12-31 05:35:05.582403,6e39bf7f3a2aa84fcd770ccd
adserver.sanomawsoy.fi,AVAILABILITY,origin.list,origin.list,2022-12-31 05:35:06.199039,6e39bf7f3a2aa84fcd770ccd
adserver1-images.backbeatmedia.com,AVAILABILITY,origin.list,origin.list,2022-12-31 05:35:06.636174,6e39bf7f3a2aa84fcd770ccd
adserver01.de,AVAILABILITY,origin.list,origin.list,2022-12-31 05:35:06.967214,6e39bf7f3a2aa84fcd770ccd
adserver1.backbeatmedia.com,AVAILABILITY,origin.list,origin.list,2022-12-31 05:35:07.298150,6e39bf7f3a2aa84fcd770ccd
adserver.theonering.net,AVAILABILITY,origin.list,origin.list,2022-12-31 05:35:08.275871,6e39bf7f3a2aa84fcd770ccd
adserver.yahoo.com,AVAILABILITY,origin.list,origin.list,2022-12-31 05:35:08.888423,6e39bf7f3a2aa84fcd770ccd
adserver.virginmedia.com,AVAILABILITY,origin.list,origin.list,2022-12-31 05:35:08.924633,6e39bf7f3a2aa84fcd770ccd
adserverplus.com,AVAILABILITY,origin.list,origin.list,2022-12-31 05:35:11.227222,6e39bf7f3a2aa84fcd770ccd
adservinginternational.com,AVAILABILITY,origin.list,origin.list,2022-12-31 05:35:12.480052,6e39bf7f3a2aa84fcd770ccd
adserversolutions.com,AVAILABILITY,origin.list,origin.list,2022-12-31 05:35:13.384183,6e39bf7f3a2aa84fcd770ccd
adsfac.eu,AVAILABILITY,origin.list,origin.list,2022-12-31 05:35:13.449468,6e39bf7f3a2aa84fcd770ccd
adsfac.net,AVAILABILITY,origin.list,origin.list,2022-12-31 05:35:14.333320,6e39bf7f3a2aa84fcd770ccd
adsfac.us,AVAILABILITY,origin.list,origin.list,2022-12-31 05:35:14.420066,6e39bf7f3a2aa84fcd770ccd
adshost1.com,AVAILABILITY,origin.list,origin.list,2022-12-31 05:35:15.026632,6e39bf7f3a2aa84fcd770ccd
adside.com,AVAILABILITY,origin.list,origin.list,2022-12-31 05:35:15.195946,6e39bf7f3a2aa84fcd770ccd
adsk2.co,AVAILABILITY,origin.list,origin.list,2022-12-31 05:35:16.131088,6e39bf7f3a2aa84fcd770ccd
adserver1.mindshare.de,AVAILABILITY,origin.list,origin.list,2022-12-31 05:35:18.202386,6e39bf7f3a2aa84fcd770ccd
adsklick.de,AVAILABILITY,origin.list,origin.list,2022-12-31 05:35:18.216431,6e39bf7f3a2aa84fcd770ccd
adserver1.mokono.com,AVAILABILITY,origin.list,origin.list,2022-12-31 05:35:18.236080,6e39bf7f3a2aa84fcd770ccd
adserver2.mindshare.de,AVAILABILITY,origin.list,origin.list,2022-12-31 05:35:19.524944,6e39bf7f3a2aa84fcd770ccd
adsmarket.com,AVAILABILITY,origin.list,origin.list,2022-12-31 05:35:19.551195,6e39bf7f3a2aa84fcd770ccd
adsmart.com,AVAILABILITY,origin.list,origin.list,2022-12-31 05:35:19.882323,6e39bf7f3a2aa84fcd770ccd
adsmobi.com,AVAILABILITY,origin.list,origin.list,2022-12-31 05:35:20.393657,6e39bf7f3a2aa84fcd770ccd
adsmart.co.uk,AVAILABILITY,origin.list,origin.list,2022-12-31 05:35:20.510370,6e39bf7f3a2aa84fcd770ccd
adsmart.net,AVAILABILITY,origin.list,origin.list,2022-12-31 05:35:21.393535,6e39bf7f3a2aa84fcd770ccd
adsnative.com,AVAILABILITY,origin.list,origin.list,2022-12-31 05:35:21.572691,6e39bf7f3a2aa84fcd770ccd
adsoldier.com,AVAILABILITY,origin.list,origin.list,2022-12-31 05:35:22.678346,6e39bf7f3a2aa84fcd770ccd
adsoftware.com,AVAILABILITY,origin.list,origin.list,2022-12-31 05:35:22.802449,6e39bf7f3a2aa84fcd770ccd
adsonar.com,AVAILABILITY,origin.list,origin.list,2022-12-31 05:35:23.676558,6e39bf7f3a2aa84fcd770ccd
adspeed.net,AVAILABILITY,origin.list,origin.list,2022-12-31 05:35:24.615878,6e39bf7f3a2aa84fcd770ccd
adskape.ru,AVAILABILITY,origin.list,origin.list,2022-12-31 05:35:26.942401,6e39bf7f3a2aa84fcd770ccd
adsponse.de,AVAILABILITY,origin.list,origin.list,2022-12-31 05:35:28.384953,6e39bf7f3a2aa84fcd770ccd
adspirit.de,AVAILABILITY,origin.list,origin.list,2022-12-31 05:35:28.507007,6e39bf7f3a2aa84fcd770ccd
adsrv.deviantart.com,AVAILABILITY,origin.list,origin.list,2022-12-31 05:35:29.679718,6e39bf7f3a2aa84fcd770ccd
adsrevenue.net,AVAILABILITY,origin.list,origin.list,2022-12-31 05:35:30.573254,6e39bf7f3a2aa84fcd770ccd
adsmogo.com,AVAILABILITY,origin.list,origin.list,2022-12-31 05:35:30.730152,6e39bf7f3a2aa84fcd770ccd
adsrvr.org,AVAILABILITY,origin.list,origin.list,2022-12-31 05:35:31.617093,6e39bf7f3a2aa84fcd770ccd
adsstat.com,AVAILABILITY,origin.list,origin.list,2022-12-31 05:35:31.745427,6e39bf7f3a2aa84fcd770ccd
adsolutions.yp.com,AVAILABILITY,origin.list,origin.list,2022-12-31 05:35:32.568650,6e39bf7f3a2aa84fcd770ccd
adstest.weather.com,AVAILABILITY,origin.list,origin.list,2022-12-31 05:35:33.156657,6e39bf7f3a2aa84fcd770ccd
adstat.4u.pl,AVAILABILITY,origin.list,origin.list,2022-12-31 05:35:33.499498,6e39bf7f3a2aa84fcd770ccd
adsupply.com,AVAILABILITY,origin.list,origin.list,2022-12-31 05:35:33.611294,6e39bf7f3a2aa84fcd770ccd
adspace.ro,AVAILABILITY,origin.list,origin.list,2022-12-31 05:35:33.680675,6e39bf7f3a2aa84fcd770ccd
adsupplyads.com,AVAILABILITY,origin.list,origin.list,2022-12-31 05:35:33.858422,6e39bf7f3a2aa84fcd770ccd
adsymptotic.com,AVAILABILITY,origin.list,origin.list,2022-12-31 05:35:34.292666,6e39bf7f3a2aa84fcd770ccd
adsynergy.com,AVAILABILITY,origin.list,origin.list,2022-12-31 05:35:34.567419,6e39bf7f3a2aa84fcd770ccd
adswitcher.com,AVAILABILITY,origin.list,origin.list,2022-12-31 05:35:34.594767,6e39bf7f3a2aa84fcd770ccd
adsys.townnews.com,AVAILABILITY,origin.list,origin.list,2022-12-31 05:35:34.611281,6e39bf7f3a2aa84fcd770ccd
adsrv.iol.co.za,AVAILABILITY,origin.list,origin.list,2022-12-31 05:35:40.454410,6e39bf7f3a2aa84fcd770ccd
adtechus.com,AVAILABILITY,origin.list,origin.list,2022-12-31 05:35:42.156936,6e39bf7f3a2aa84fcd770ccd
adtech.com,AVAILABILITY,origin.list,origin.list,2022-12-31 05:35:43.273591,6e39bf7f3a2aa84fcd770ccd
adtech.de,AVAILABILITY,origin.list,origin.list,2022-12-31 05:35:43.273677,6e39bf7f3a2aa84fcd770ccd
adsystem.simplemachines.org,AVAILABILITY,origin.list,origin.list,2022-12-31 05:35:45.465115,6e39bf7f3a2aa84fcd770ccd
adthis.com,AVAILABILITY,origin.list,origin.list,2022-12-31 05:35:51.713930,6e39bf7f3a2aa84fcd770ccd
adtheorent.com,AVAILABILITY,origin.list,origin.list,2022-12-31 05:35:52.093728,6e39bf7f3a2aa84fcd770ccd
adtiger.de,AVAILABILITY,origin.list,origin.list,2022-12-31 05:35:52.373360,6e39bf7f3a2aa84fcd770ccd
adtoll.com,AVAILABILITY,origin.list,origin.list,2022-12-31 05:35:52.907382,6e39bf7f3a2aa84fcd770ccd
adtoma.com,AVAILABILITY,origin.list,origin.list,2022-12-31 05:35:52.957714,6e39bf7f3a2aa84fcd770ccd
adtology.com,AVAILABILITY,origin.list,origin.list,2022-12-31 05:35:53.225242,6e39bf7f3a2aa84fcd770ccd
adtegrity.net,AVAILABILITY,origin.list,origin.list,2022-12-31 05:35:53.352164,6e39bf7f3a2aa84fcd770ccd
adtrade.net,AVAILABILITY,origin.list,origin.list,2022-12-31 05:35:54.030736,6e39bf7f3a2aa84fcd770ccd
adtilt.com,AVAILABILITY,origin.list,origin.list,2022-12-31 05:35:56.161844,6e39bf7f3a2aa84fcd770ccd
adtruth.com,AVAILABILITY,origin.list,origin.list,2022-12-31 05:36:06.751756,6e39bf7f3a2aa84fcd770ccd
adtrace.org,AVAILABILITY,origin.list,origin.list,2022-12-31 05:36:13.844927,6e39bf7f3a2aa84fcd770ccd
adtrading.de,AVAILABILITY,origin.list,origin.list,2022-12-31 05:36:13.874704,6e39bf7f3a2aa84fcd770ccd
adtrak.net,AVAILABILITY,origin.list,origin.list,2022-12-31 05:36:13.990461,6e39bf7f3a2aa84fcd770ccd
adv-adserver.com,AVAILABILITY,origin.list,origin.list,2022-12-31 05:36:14.317273,6e39bf7f3a2aa84fcd770ccd
adtriplex.com,AVAILABILITY,origin.list,origin.list,2022-12-31 05:36:14.516972,6e39bf7f3a2aa84fcd770ccd
adultadvertising.com,AVAILABILITY,origin.list,origin.list,2022-12-31 05:36:27.050458,6e39bf7f3a2aa84fcd770ccd
adultmoda.com,AVAILABILITY,origin.list,origin.list,2022-12-31 05:36:34.341899,6e39bf7f3a2aa84fcd770ccd
adv.cooperhosting.net,AVAILABILITY,origin.list,origin.list,2022-12-31 05:36:34.666916,6e39bf7f3a2aa84fcd770ccd
adv.freeonline.it,AVAILABILITY,origin.list,origin.list,2022-12-31 05:36:34.732765,6e39bf7f3a2aa84fcd770ccd
adv.hwupgrade.it,AVAILABILITY,origin.list,origin.list,2022-12-31 05:36:34.971275,6e39bf7f3a2aa84fcd770ccd
adv.livedoor.com,AVAILABILITY,origin.list,origin.list,2022-12-31 05:36:47.521929,6e39bf7f3a2aa84fcd770ccd
adv.webmd.com,AVAILABILITY,origin.list,origin.list,2022-12-31 05:36:52.578579,6e39bf7f3a2aa84fcd770ccd
adv.yo.cz,AVAILABILITY,origin.list,origin.list,2022-12-31 05:36:53.832813,6e39bf7f3a2aa84fcd770ccd
adv.wp.pl,AVAILABILITY,origin.list,origin.list,2022-12-31 05:36:55.303991,6e39bf7f3a2aa84fcd770ccd
advariant.com,AVAILABILITY,origin.list,origin.list,2022-12-31 05:36:55.416626,6e39bf7f3a2aa84fcd770ccd
adventory.com,AVAILABILITY,origin.list,origin.list,2022-12-31 05:37:13.064492,6e39bf7f3a2aa84fcd770ccd
advert.dyna.ultraweb.hu,AVAILABILITY,origin.list,origin.list,2022-12-31 05:37:13.723526,6e39bf7f3a2aa84fcd770ccd
adverticum.com,AVAILABILITY,origin.list,origin.list,2022-12-31 05:37:15.749617,6e39bf7f3a2aa84fcd770ccd
adverticum.net,AVAILABILITY,origin.list,origin.list,2022-12-31 05:37:15.852259,6e39bf7f3a2aa84fcd770ccd
advert.bayarea.com,AVAILABILITY,origin.list,origin.list,2022-12-31 05:37:17.899713,6e39bf7f3a2aa84fcd770ccd
advertise.com,AVAILABILITY,origin.list,origin.list,2022-12-31 05:37:29.379201,6e39bf7f3a2aa84fcd770ccd
adverticus.de,AVAILABILITY,origin.list,origin.list,2022-12-31 05:37:33.594505,6e39bf7f3a2aa84fcd770ccd
advertisespace.com,AVAILABILITY,origin.list,origin.list,2022-12-31 05:37:36.516811,6e39bf7f3a2aa84fcd770ccd
advertising.com,AVAILABILITY,origin.list,origin.list,2022-12-31 05:37:49.643654,6e39bf7f3a2aa84fcd770ccd
advertising.microsoft.com,AVAILABILITY,origin.list,origin.list,2022-12-31 05:37:52.890984,6e39bf7f3a2aa84fcd770ccd
advertising.apple.com,AVAILABILITY,origin.list,origin.list,2022-12-31 05:37:56.645732,6e39bf7f3a2aa84fcd770ccd
advertiseireland.com,AVAILABILITY,origin.list,origin.list,2022-12-31 05:37:56.749794,6e39bf7f3a2aa84fcd770ccd
advertising.yahoo.com,AVAILABILITY,origin.list,origin.list,2022-12-31 05:37:56.955264,6e39bf7f3a2aa84fcd770ccd
advertmarket.com,AVAILABILITY,origin.list,origin.list,2022-12-31 05:38:07.251088,6e39bf7f3a2aa84fcd770ccd
advertisingbanners.com,AVAILABILITY,origin.list,origin.list,2022-12-31 05:38:09.842993,6e39bf7f3a2aa84fcd770ccd
advertisingbox.com,AVAILABILITY,origin.list,origin.list,2022-12-31 05:38:13.346462,6e39bf7f3a2aa84fcd770ccd
advertmedia.de,AVAILABILITY,origin.list,origin.list,2022-12-31 05:38:17.288173,6e39bf7f3a2aa84fcd770ccd
advertpro.sitepoint.com,AVAILABILITY,origin.list,origin.list,2022-12-31 05:38:17.398288,6e39bf7f3a2aa84fcd770ccd
advertwizard.com,AVAILABILITY,origin.list,origin.list,2022-12-31 05:38:20.703167,6e39bf7f3a2aa84fcd770ccd
advideo.uimserv.net,AVAILABILITY,origin.list,origin.list,2022-12-31 05:38:21.254369,6e39bf7f3a2aa84fcd770ccd
advertserve.com,AVAILABILITY,origin.list,origin.list,2022-12-31 05:38:21.849194,6e39bf7f3a2aa84fcd770ccd
adviva.com,AVAILABILITY,origin.list,origin.list,2022-12-31 05:38:22.099023,6e39bf7f3a2aa84fcd770ccd
adviva.net,AVAILABILITY,origin.list,origin.list,2022-12-31 05:38:22.596209,6e39bf7f3a2aa84fcd770ccd
advnt.com,AVAILABILITY,origin.list,origin.list,2022-12-31 05:38:23.012437,6e39bf7f3a2aa84fcd770ccd
advertstream.com,AVAILABILITY,origin.list,origin.list,2022-12-31 05:38:23.195804,6e39bf7f3a2aa84fcd770ccd
adwareremovergold.com,AVAILABILITY,origin.list,origin.list,2022-12-31 05:38:23.498075,6e39bf7f3a2aa84fcd770ccd
adwhirl.com,AVAILABILITY,origin.list,origin.list,2022-12-31 05:38:23.788213,6e39bf7f3a2aa84fcd770ccd
adworldnetwork.com,AVAILABILITY,origin.list,origin.list,2022-12-31 05:38:24.244919,6e39bf7f3a2aa84fcd770ccd
adwitserver.com,AVAILABILITY,origin.list,origin.list,2022-12-31 05:38:24.702344,6e39bf7f3a2aa84fcd770ccd
adworx.at,AVAILABILITY,origin.list,origin.list,2022-12-31 05:38:25.018836,6e39bf7f3a2aa84fcd770ccd
adx.atnext.com,AVAILABILITY,origin.list,origin.list,2022-12-31 05:38:26.277453,6e39bf7f3a2aa84fcd770ccd
adxpansion.com,AVAILABILITY,origin.list,origin.list,2022-12-31 05:38:27.264307,6e39bf7f3a2aa84fcd770ccd
adworx.be,AVAILABILITY,origin.list,origin.list,2022-12-31 05:38:27.735850,6e39bf7f3a2aa84fcd770ccd
adworx.nl,AVAILABILITY,origin.list,origin.list,2022-12-31 05:38:28.167873,6e39bf7f3a2aa84fcd770ccd
adxvalue.com,AVAILABILITY,origin.list,origin.list,2022-12-31 05:38:28.306717,6e39bf7f3a2aa84fcd770ccd
advertpro.ya.com,AVAILABILITY,origin.list,origin.list,2022-12-31 05:38:30.577659,6e39bf7f3a2aa84fcd770ccd
adzerk.net,AVAILABILITY,origin.list,origin.list,2022-12-31 05:38:30.897046,6e39bf7f3a2aa84fcd770ccd
adzones.com,AVAILABILITY,origin.list,origin.list,2022-12-31 05:38:32.286460,6e39bf7f3a2aa84fcd770ccd
advisormedia.cz,AVAILABILITY,origin.list,origin.list,2022-12-31 05:38:32.408679,6e39bf7f3a2aa84fcd770ccd
af-ad.co.uk,AVAILABILITY,origin.list,origin.list,2022-12-31 05:38:32.828776,6e39bf7f3a2aa84fcd770ccd
adzerk.s3.amazonaws.com,AVAILABILITY,origin.list,origin.list,2022-12-31 05:38:34.060412,6e39bf7f3a2aa84fcd770ccd
adyea.com,AVAILABILITY,origin.list,origin.list,2022-12-31 05:38:35.583336,6e39bf7f3a2aa84fcd770ccd
affiliate.1800flowers.com,AVAILABILITY,origin.list,origin.list,2022-12-31 05:38:36.255559,6e39bf7f3a2aa84fcd770ccd
affili.net,AVAILABILITY,origin.list,origin.list,2022-12-31 05:38:36.737166,6e39bf7f3a2aa84fcd770ccd
affiliate.dtiserv.com,AVAILABILITY,origin.list,origin.list,2022-12-31 05:38:36.835836,6e39bf7f3a2aa84fcd770ccd
affbuzzads.com,AVAILABILITY,origin.list,origin.list,2022-12-31 05:38:37.502777,6e39bf7f3a2aa84fcd770ccd
affiliate.mogs.com,AVAILABILITY,origin.list,origin.list,2022-12-31 05:38:37.647901,6e39bf7f3a2aa84fcd770ccd
adxpose.com,AVAILABILITY,origin.list,origin.list,2022-12-31 05:38:38.078203,6e39bf7f3a2aa84fcd770ccd
affiliate.doubleyourdating.com,AVAILABILITY,origin.list,origin.list,2022-12-31 05:38:39.688857,6e39bf7f3a2aa84fcd770ccd
affiliatefuture.com,AVAILABILITY,origin.list,origin.list,2022-12-31 05:38:40.658641,6e39bf7f3a2aa84fcd770ccd
affiliatefuel.com,AVAILABILITY,origin.list,origin.list,2022-12-31 05:38:41.100877,6e39bf7f3a2aa84fcd770ccd
affiliates.babylon.com,AVAILABILITY,origin.list,origin.list,2022-12-31 05:38:42.022537,6e39bf7f3a2aa84fcd770ccd
affiliates.allposters.com,AVAILABILITY,origin.list,origin.list,2022-12-31 05:38:42.483209,6e39bf7f3a2aa84fcd770ccd
affiliates.devilfishpartners.com,AVAILABILITY,origin.list,origin.list,2022-12-31 05:38:43.114488,6e39bf7f3a2aa84fcd770ccd
affiliates.globat.com,AVAILABILITY,origin.list,origin.list,2022-12-31 05:38:45.724381,6e39bf7f3a2aa84fcd770ccd
affiliates.streamray.com,AVAILABILITY,origin.list,origin.list,2022-12-31 05:38:47.227357,6e39bf7f3a2aa84fcd770ccd
affiliate.gamestop.com,AVAILABILITY,origin.list,origin.list,2022-12-31 05:38:47.308442,6e39bf7f3a2aa84fcd770ccd
affiliates.thrixxx.com,AVAILABILITY,origin.list,origin.list,2022-12-31 05:38:47.885422,6e39bf7f3a2aa84fcd770ccd
affiliate.offgamers.com,AVAILABILITY,origin.list,origin.list,2022-12-31 05:38:48.044928,6e39bf7f3a2aa84fcd770ccd
affiliate.travelnow.com,AVAILABILITY,origin.list,origin.list,2022-12-31 05:38:48.175876,6e39bf7f3a2aa84fcd770ccd
affiliates.digitalriver.com,AVAILABILITY,origin.list,origin.list,2022-12-31 05:38:49.001864,6e39bf7f3a2aa84fcd770ccd
affiliatetracking.com,AVAILABILITY,origin.list,origin.list,2022-12-31 05:38:50.946862,6e39bf7f3a2aa84fcd770ccd
affiliatetracking.net,AVAILABILITY,origin.list,origin.list,2022-12-31 05:38:50.967885,6e39bf7f3a2aa84fcd770ccd
affiliation-france.com,AVAILABILITY,origin.list,origin.list,2022-12-31 05:38:51.446010,6e39bf7f3a2aa84fcd770ccd
affiliatetrading.net,AVAILABILITY,origin.list,origin.list,2022-12-31 05:38:51.641044,6e39bf7f3a2aa84fcd770ccd
ah-ha.com,AVAILABILITY,origin.list,origin.list,2022-12-31 05:38:51.886286,6e39bf7f3a2aa84fcd770ccd
ahalogy.com,AVAILABILITY,origin.list,origin.list,2022-12-31 05:38:52.724308,6e39bf7f3a2aa84fcd770ccd
affiliatewindow.com,AVAILABILITY,origin.list,origin.list,2022-12-31 05:38:52.817228,6e39bf7f3a2aa84fcd770ccd
aim4media.com,AVAILABILITY,origin.list,origin.list,2022-12-31 05:38:54.539222,6e39bf7f3a2aa84fcd770ccd
ajouter.net,AVAILABILITY,origin.list,origin.list,2022-12-31 05:38:55.930400,6e39bf7f3a2aa84fcd770ccd
aktrack.pubmatic.com,AVAILABILITY,origin.list,origin.list,2022-12-31 05:38:56.528627,6e39bf7f3a2aa84fcd770ccd
alclick.com,AVAILABILITY,origin.list,origin.list,2022-12-31 05:38:57.954891,6e39bf7f3a2aa84fcd770ccd
affiliates.ultrahosting.com,AVAILABILITY,origin.list,origin.list,2022-12-31 05:38:58.695970,6e39bf7f3a2aa84fcd770ccd
alexa-sitestats.s3.amazonaws.com,AVAILABILITY,origin.list,origin.list,2022-12-31 05:38:59.130160,6e39bf7f3a2aa84fcd770ccd
alenty.com,AVAILABILITY,origin.list,origin.list,2022-12-31 05:38:59.325072,6e39bf7f3a2aa84fcd770ccd
all4spy.com,AVAILABILITY,origin.list,origin.list,2022-12-31 05:39:00.724728,6e39bf7f3a2aa84fcd770ccd
affiliates.thinkhost.net,AVAILABILITY,origin.list,origin.list,2022-12-31 05:39:00.946311,6e39bf7f3a2aa84fcd770ccd
alladvantage.com,AVAILABILITY,origin.list,origin.list,2022-12-31 05:39:00.975850,6e39bf7f3a2aa84fcd770ccd
allstarmediagroup.com,AVAILABILITY,origin.list,origin.list,2022-12-31 05:39:01.695989,6e39bf7f3a2aa84fcd770ccd
amazingcounters.com,AVAILABILITY,origin.list,origin.list,2022-12-31 05:39:01.724309,6e39bf7f3a2aa84fcd770ccd
allosponsor.com,AVAILABILITY,origin.list,origin.list,2022-12-31 05:39:01.925977,6e39bf7f3a2aa84fcd770ccd
amazon-adsystem.com,AVAILABILITY,origin.list,origin.list,2022-12-31 05:39:02.147380,6e39bf7f3a2aa84fcd770ccd
amung.us,AVAILABILITY,origin.list,origin.list,2022-12-31 05:39:02.795626,6e39bf7f3a2aa84fcd770ccd
an.tacoda.net,AVAILABILITY,origin.list,origin.list,2022-12-31 05:39:03.148397,6e39bf7f3a2aa84fcd770ccd
airpush.com,AVAILABILITY,origin.list,origin.list,2022-12-31 05:39:03.266139,6e39bf7f3a2aa84fcd770ccd
amobee.com,AVAILABILITY,origin.list,origin.list,2022-12-31 05:39:03.354328,6e39bf7f3a2aa84fcd770ccd
aistat.net,AVAILABILITY,origin.list,origin.list,2022-12-31 05:39:03.409138,6e39bf7f3a2aa84fcd770ccd
analytics.yahoo.com,AVAILABILITY,origin.list,origin.list,2022-12-31 05:39:05.190715,6e39bf7f3a2aa84fcd770ccd
apex-ad.com,AVAILABILITY,origin.list,origin.list,2022-12-31 05:39:05.635997,6e39bf7f3a2aa84fcd770ccd
annonser.dagbladet.no,AVAILABILITY,origin.list,origin.list,2022-12-31 05:39:06.581570,6e39bf7f3a2aa84fcd770ccd
api.addthis.com,AVAILABILITY,origin.list,origin.list,2022-12-31 05:39:07.795884,6e39bf7f3a2aa84fcd770ccd
app-promo.com,AVAILABILITY,origin.list,origin.list,2022-12-31 05:39:08.232182,6e39bf7f3a2aa84fcd770ccd
appads.com,AVAILABILITY,origin.list,origin.list,2022-12-31 05:39:08.986116,6e39bf7f3a2aa84fcd770ccd
anahtars.com,AVAILABILITY,origin.list,origin.list,2022-12-31 05:39:09.652285,6e39bf7f3a2aa84fcd770ccd
appdog.com,AVAILABILITY,origin.list,origin.list,2022-12-31 05:39:09.873762,6e39bf7f3a2aa84fcd770ccd
analytics.adpost.org,AVAILABILITY,origin.list,origin.list,2022-12-31 05:39:13.722464,6e39bf7f3a2aa84fcd770ccd
appia.com,AVAILABILITY,origin.list,origin.list,2022-12-31 05:39:14.172570,6e39bf7f3a2aa84fcd770ccd
analytics.live.com,AVAILABILITY,origin.list,origin.list,2022-12-31 05:39:15.738793,6e39bf7f3a2aa84fcd770ccd
api.intensifier.de,AVAILABILITY,origin.list,origin.list,2022-12-31 05:39:17.542328,6e39bf7f3a2aa84fcd770ccd
appolicious.com,AVAILABILITY,origin.list,origin.list,2022-12-31 05:39:18.548807,6e39bf7f3a2aa84fcd770ccd
applovin.com,AVAILABILITY,origin.list,origin.list,2022-12-31 05:39:18.630252,6e39bf7f3a2aa84fcd770ccd
apprebates.com,AVAILABILITY,origin.list,origin.list,2022-12-31 05:39:20.383989,6e39bf7f3a2aa84fcd770ccd
appnexus.com,AVAILABILITY,origin.list,origin.list,2022-12-31 05:39:20.500390,6e39bf7f3a2aa84fcd770ccd
appredeem.com,AVAILABILITY,origin.list,origin.list,2022-12-31 05:39:20.531452,6e39bf7f3a2aa84fcd770ccd
appier.com,AVAILABILITY,origin.list,origin.list,2022-12-31 05:39:20.730289,6e39bf7f3a2aa84fcd770ccd
appflood.com,AVAILABILITY,origin.list,origin.list,2022-12-31 05:39:20.804875,6e39bf7f3a2aa84fcd770ccd
appsfire.net,AVAILABILITY,origin.list,origin.list,2022-12-31 05:39:24.431521,6e39bf7f3a2aa84fcd770ccd
approstar.com,AVAILABILITY,origin.list,origin.list,2022-12-31 05:39:24.440714,6e39bf7f3a2aa84fcd770ccd
appular.com,AVAILABILITY,origin.list,origin.list,2022-12-31 05:39:26.671437,6e39bf7f3a2aa84fcd770ccd
appsfire.com,AVAILABILITY,origin.list,origin.list,2022-12-31 05:39:27.061664,6e39bf7f3a2aa84fcd770ccd
apture.com,AVAILABILITY,origin.list,origin.list,2022-12-31 05:39:27.239716,6e39bf7f3a2aa84fcd770ccd
arc1.msn.com,AVAILABILITY,origin.list,origin.list,2022-12-31 05:39:27.693526,6e39bf7f3a2aa84fcd770ccd
arcadebanners.com,AVAILABILITY,origin.list,origin.list,2022-12-31 05:39:27.981087,6e39bf7f3a2aa84fcd770ccd
are-ter.com,AVAILABILITY,origin.list,origin.list,2022-12-31 05:39:28.431067,6e39bf7f3a2aa84fcd770ccd
ard.xxxblackbook.com,AVAILABILITY,origin.list,origin.list,2022-12-31 05:39:28.728341,6e39bf7f3a2aa84fcd770ccd
as.webmd.com,AVAILABILITY,origin.list,origin.list,2022-12-31 05:39:29.103238,6e39bf7f3a2aa84fcd770ccd
as5000.com,AVAILABILITY,origin.list,origin.list,2022-12-31 05:39:30.120820,6e39bf7f3a2aa84fcd770ccd
assets.loomia.com,AVAILABILITY,origin.list,origin.list,2022-12-31 05:39:30.775261,6e39bf7f3a2aa84fcd770ccd
assets1.exgfnetwork.com,AVAILABILITY,origin.list,origin.list,2022-12-31 05:39:31.065351,6e39bf7f3a2aa84fcd770ccd
assoc-amazon.com,AVAILABILITY,origin.list,origin.list,2022-12-31 05:39:31.284766,6e39bf7f3a2aa84fcd770ccd
appsdt.com,AVAILABILITY,origin.list,origin.list,2022-12-31 05:39:31.360813,6e39bf7f3a2aa84fcd770ccd
at-adserver.alltop.com,AVAILABILITY,origin.list,origin.list,2022-12-31 05:39:31.476614,6e39bf7f3a2aa84fcd770ccd
athena-ads.wikia.com,AVAILABILITY,origin.list,origin.list,2022-12-31 05:39:31.902107,6e39bf7f3a2aa84fcd770ccd
atlassolutions.com,AVAILABILITY,origin.list,origin.list,2022-12-31 05:39:32.797289,6e39bf7f3a2aa84fcd770ccd
atwola.com,AVAILABILITY,origin.list,origin.list,2022-12-31 05:39:33.713739,6e39bf7f3a2aa84fcd770ccd
auctionads.com,AVAILABILITY,origin.list,origin.list,2022-12-31 05:39:34.198175,6e39bf7f3a2aa84fcd770ccd
appsnack.com,AVAILABILITY,origin.list,origin.list,2022-12-31 05:39:34.350463,6e39bf7f3a2aa84fcd770ccd
auctionads.net,AVAILABILITY,origin.list,origin.list,2022-12-31 05:39:34.464185,6e39bf7f3a2aa84fcd770ccd
apptera.com,AVAILABILITY,origin.list,origin.list,2022-12-31 05:39:36.419626,6e39bf7f3a2aa84fcd770ccd
auto-bannertausch.de,AVAILABILITY,origin.list,origin.list,2022-12-31 05:39:36.879579,6e39bf7f3a2aa84fcd770ccd
atdmt.com,AVAILABILITY,origin.list,origin.list,2022-12-31 05:39:41.987744,6e39bf7f3a2aa84fcd770ccd
autohits.dk,AVAILABILITY,origin.list,origin.list,2022-12-31 05:39:43.092505,6e39bf7f3a2aa84fcd770ccd
avres.net,AVAILABILITY,origin.list,origin.list,2022-12-31 05:39:45.316568,6e39bf7f3a2aa84fcd770ccd
audience2media.com,AVAILABILITY,origin.list,origin.list,2022-12-31 05:39:45.491742,6e39bf7f3a2aa84fcd770ccd
avsads.com,AVAILABILITY,origin.list,origin.list,2022-12-31 05:39:45.913153,6e39bf7f3a2aa84fcd770ccd
audit.webinform.hu,AVAILABILITY,origin.list,origin.list,2022-12-31 05:39:47.661780,6e39bf7f3a2aa84fcd770ccd
audit.median.hu,AVAILABILITY,origin.list,origin.list,2022-12-31 05:39:47.679886,6e39bf7f3a2aa84fcd770ccd
avenuea.com,AVAILABILITY,origin.list,origin.list,2022-12-31 05:39:52.706280,6e39bf7f3a2aa84fcd770ccd
b-1st.com,AVAILABILITY,origin.list,origin.list,2022-12-31 05:39:53.180809,6e39bf7f3a2aa84fcd770ccd
b4psads.com,AVAILABILITY,origin.list,origin.list,2022-12-31 05:39:55.663623,6e39bf7f3a2aa84fcd770ccd
aylarl.com,AVAILABILITY,origin.list,origin.list,2022-12-31 05:39:55.975689,6e39bf7f3a2aa84fcd770ccd
ba.afl.rakuten.co.jp,AVAILABILITY,origin.list,origin.list,2022-12-31 05:39:57.352465,6e39bf7f3a2aa84fcd770ccd
awempire.com,AVAILABILITY,origin.list,origin.list,2022-12-31 05:39:57.388599,6e39bf7f3a2aa84fcd770ccd
azfront.com,AVAILABILITY,origin.list,origin.list,2022-12-31 05:39:57.617028,6e39bf7f3a2aa84fcd770ccd
banner-exchange-24.de,AVAILABILITY,origin.list,origin.list,2022-12-31 05:39:58.062055,6e39bf7f3a2aa84fcd770ccd
awin1.com,AVAILABILITY,origin.list,origin.list,2022-12-31 05:39:58.701632,6e39bf7f3a2aa84fcd770ccd
banner.buempliz-online.ch,AVAILABILITY,origin.list,origin.list,2022-12-31 05:39:59.117395,6e39bf7f3a2aa84fcd770ccd
banner.casino.net,AVAILABILITY,origin.list,origin.list,2022-12-31 05:39:59.846906,6e39bf7f3a2aa84fcd770ccd
backbeatmedia.com,AVAILABILITY,origin.list,origin.list,2022-12-31 05:40:00.447451,6e39bf7f3a2aa84fcd770ccd
banner.blogranking.net,AVAILABILITY,origin.list,origin.list,2022-12-31 05:40:00.612474,6e39bf7f3a2aa84fcd770ccd
banner.cz,AVAILABILITY,origin.list,origin.list,2022-12-31 05:40:07.786462,6e39bf7f3a2aa84fcd770ccd
banner.ambercoastcasino.com,AVAILABILITY,origin.list,origin.list,2022-12-31 05:40:08.689694,6e39bf7f3a2aa84fcd770ccd
banner.cotedazurpalace.com,AVAILABILITY,origin.list,origin.list,2022-12-31 05:40:10.637509,6e39bf7f3a2aa84fcd770ccd
banik.redigy.cz,AVAILABILITY,origin.list,origin.list,2022-12-31 05:40:10.823793,6e39bf7f3a2aa84fcd770ccd
banner.easyspace.com,AVAILABILITY,origin.list,origin.list,2022-12-31 05:40:14.253843,6e39bf7f3a2aa84fcd770ccd
banner.goldenpalace.com,AVAILABILITY,origin.list,origin.list,2022-12-31 05:40:14.796951,6e39bf7f3a2aa84fcd770ccd
banner.inyourpocket.com,AVAILABILITY,origin.list,origin.list,2022-12-31 05:40:15.231211,6e39bf7f3a2aa84fcd770ccd
banner.eurogrand.com,AVAILABILITY,origin.list,origin.list,2022-12-31 05:40:15.585348,6e39bf7f3a2aa84fcd770ccd
banner.linux.se,AVAILABILITY,origin.list,origin.list,2022-12-31 05:40:16.749556,6e39bf7f3a2aa84fcd770ccd
banner.media-system.de,AVAILABILITY,origin.list,origin.list,2022-12-31 05:40:17.197704,6e39bf7f3a2aa84fcd770ccd
banner.jobsahead.com,AVAILABILITY,origin.list,origin.list,2022-12-31 05:40:18.282594,6e39bf7f3a2aa84fcd770ccd
banner.kiev.ua,AVAILABILITY,origin.list,origin.list,2022-12-31 05:40:18.331396,6e39bf7f3a2aa84fcd770ccd
banner.coza.com,AVAILABILITY,origin.list,origin.list,2022-12-31 05:40:18.485920,6e39bf7f3a2aa84fcd770ccd
banner.northsky.com,AVAILABILITY,origin.list,origin.list,2022-12-31 05:40:19.336762,6e39bf7f3a2aa84fcd770ccd
banner.elisa.net,AVAILABILITY,origin.list,origin.list,2022-12-31 05:40:19.474451,6e39bf7f3a2aa84fcd770ccd
banner.nixnet.cz,AVAILABILITY,origin.list,origin.list,2022-12-31 05:40:19.527197,6e39bf7f3a2aa84fcd770ccd
banner.orb.net,AVAILABILITY,origin.list,origin.list,2022-12-31 05:40:20.271971,6e39bf7f3a2aa84fcd770ccd
banner.relcom.ru,AVAILABILITY,origin.list,origin.list,2022-12-31 05:40:21.088210,6e39bf7f3a2aa84fcd770ccd
banner.penguin.cz,AVAILABILITY,origin.list,origin.list,2022-12-31 05:40:21.240525,6e39bf7f3a2aa84fcd770ccd
banner.titan-dsl.de,AVAILABILITY,origin.list,origin.list,2022-12-31 05:40:21.644843,6e39bf7f3a2aa84fcd770ccd
banner.tanto.de,AVAILABILITY,origin.list,origin.list,2022-12-31 05:40:22.338678,6e39bf7f3a2aa84fcd770ccd
banner.webmersion.com,AVAILABILITY,origin.list,origin.list,2022-12-31 05:40:23.123464,6e39bf7f3a2aa84fcd770ccd
bannerads.de,AVAILABILITY,origin.list,origin.list,2022-12-31 05:40:24.410655,6e39bf7f3a2aa84fcd770ccd
bannerboxes.com,AVAILABILITY,origin.list,origin.list,2022-12-31 05:40:25.118313,6e39bf7f3a2aa84fcd770ccd
banner.vadian.net,AVAILABILITY,origin.list,origin.list,2022-12-31 05:40:25.190261,6e39bf7f3a2aa84fcd770ccd
bannercommunity.de,AVAILABILITY,origin.list,origin.list,2022-12-31 05:40:26.280975,6e39bf7f3a2aa84fcd770ccd
bannerconnect.net,AVAILABILITY,origin.list,origin.list,2022-12-31 05:40:27.471351,6e39bf7f3a2aa84fcd770ccd
banner.mindshare.de,AVAILABILITY,origin.list,origin.list,2022-12-31 05:40:28.146353,6e39bf7f3a2aa84fcd770ccd
bannerconnect.com,AVAILABILITY,origin.list,origin.list,2022-12-31 05:40:28.323854,6e39bf7f3a2aa84fcd770ccd
banner.noblepoker.com,AVAILABILITY,origin.list,origin.list,2022-12-31 05:40:28.921841,6e39bf7f3a2aa84fcd770ccd
bannerhost.com,AVAILABILITY,origin.list,origin.list,2022-12-31 05:40:29.338960,6e39bf7f3a2aa84fcd770ccd
banner.rbc.ru,AVAILABILITY,origin.list,origin.list,2022-12-31 05:40:30.686197,6e39bf7f3a2aa84fcd770ccd
bannerimage.com,AVAILABILITY,origin.list,origin.list,2022-12-31 05:40:31.401529,6e39bf7f3a2aa84fcd770ccd
bannerflow.com,AVAILABILITY,origin.list,origin.list,2022-12-31 05:40:31.924578,6e39bf7f3a2aa84fcd770ccd
bannermall.com,AVAILABILITY,origin.list,origin.list,2022-12-31 05:40:32.296165,6e39bf7f3a2aa84fcd770ccd
bannerlandia.com.ar,AVAILABILITY,origin.list,origin.list,2022-12-31 05:40:32.530345,6e39bf7f3a2aa84fcd770ccd
bannermarkt.nl,AVAILABILITY,origin.list,origin.list,2022-12-31 05:40:32.634387,6e39bf7f3a2aa84fcd770ccd
banners.adultfriendfinder.com,AVAILABILITY,origin.list,origin.list,2022-12-31 05:40:33.245623,6e39bf7f3a2aa84fcd770ccd
banners.amigos.com,AVAILABILITY,origin.list,origin.list,2022-12-31 05:40:33.589829,6e39bf7f3a2aa84fcd770ccd
banners.babylon-x.com,AVAILABILITY,origin.list,origin.list,2022-12-31 05:40:33.941890,6e39bf7f3a2aa84fcd770ccd
banners.asiafriendfinder.com,AVAILABILITY,origin.list,origin.list,2022-12-31 05:40:34.492946,6e39bf7f3a2aa84fcd770ccd
banners.cams.com,AVAILABILITY,origin.list,origin.list,2022-12-31 05:40:35.010925,6e39bf7f3a2aa84fcd770ccd
banners.czi.cz,AVAILABILITY,origin.list,origin.list,2022-12-31 05:40:37.020141,6e39bf7f3a2aa84fcd770ccd
banners.clubseventeen.com,AVAILABILITY,origin.list,origin.list,2022-12-31 05:40:37.361476,6e39bf7f3a2aa84fcd770ccd
banners.direction-x.com,AVAILABILITY,origin.list,origin.list,2022-12-31 05:40:37.784412,6e39bf7f3a2aa84fcd770ccd
banners.dine.com,AVAILABILITY,origin.list,origin.list,2022-12-31 05:40:37.788418,6e39bf7f3a2aa84fcd770ccd
banners.friendfinder.com,AVAILABILITY,origin.list,origin.list,2022-12-31 05:40:39.233895,6e39bf7f3a2aa84fcd770ccd
banners.freett.com,AVAILABILITY,origin.list,origin.list,2022-12-31 05:40:39.258327,6e39bf7f3a2aa84fcd770ccd
banners.getiton.com,AVAILABILITY,origin.list,origin.list,2022-12-31 05:40:40.271397,6e39bf7f3a2aa84fcd770ccd
banners.iq.pl,AVAILABILITY,origin.list,origin.list,2022-12-31 05:40:40.456510,6e39bf7f3a2aa84fcd770ccd
banners.isoftmarketing.com,AVAILABILITY,origin.list,origin.list,2022-12-31 05:40:40.915695,6e39bf7f3a2aa84fcd770ccd
bannergrabber.internet.gr,AVAILABILITY,origin.list,origin.list,2022-12-31 05:40:41.341146,6e39bf7f3a2aa84fcd770ccd
banners.passion.com,AVAILABILITY,origin.list,origin.list,2022-12-31 05:40:41.922289,6e39bf7f3a2aa84fcd770ccd
banners.sys-con.com,AVAILABILITY,origin.list,origin.list,2022-12-31 05:40:42.583365,6e39bf7f3a2aa84fcd770ccd
bannerpower.com,AVAILABILITY,origin.list,origin.list,2022-12-31 05:40:42.612790,6e39bf7f3a2aa84fcd770ccd
banners.thomsonlocal.com,AVAILABILITY,origin.list,origin.list,2022-12-31 05:40:43.261949,6e39bf7f3a2aa84fcd770ccd
banners.videosz.com,AVAILABILITY,origin.list,origin.list,2022-12-31 05:40:43.287763,6e39bf7f3a2aa84fcd770ccd
banners.wunderground.com,AVAILABILITY,origin.list,origin.list,2022-12-31 05:40:44.287073,6e39bf7f3a2aa84fcd770ccd
banners.virtuagirlhd.com,AVAILABILITY,origin.list,origin.list,2022-12-31 05:40:44.480117,6e39bf7f3a2aa84fcd770ccd
banners.bol.com.br,AVAILABILITY,origin.list,origin.list,2022-12-31 05:40:44.583791,6e39bf7f3a2aa84fcd770ccd
bannersgomlm.com,AVAILABILITY,origin.list,origin.list,2022-12-31 05:40:45.283089,6e39bf7f3a2aa84fcd770ccd
bannerserver.com,AVAILABILITY,origin.list,origin.list,2022-12-31 05:40:45.410733,6e39bf7f3a2aa84fcd770ccd
bannerspace.com,AVAILABILITY,origin.list,origin.list,2022-12-31 05:40:46.204621,6e39bf7f3a2aa84fcd770ccd
bannerswap.com,AVAILABILITY,origin.list,origin.list,2022-12-31 05:40:47.365355,6e39bf7f3a2aa84fcd770ccd
bannertesting.com,AVAILABILITY,origin.list,origin.list,2022-12-31 05:40:48.176849,6e39bf7f3a2aa84fcd770ccd
bannery.cz,AVAILABILITY,origin.list,origin.list,2022-12-31 05:40:49.347718,6e39bf7f3a2aa84fcd770ccd
bannieres.acces-contenu.com,AVAILABILITY,origin.list,origin.list,2022-12-31 05:40:49.755226,6e39bf7f3a2aa84fcd770ccd
banners.linkbuddies.com,AVAILABILITY,origin.list,origin.list,2022-12-31 05:40:51.288670,6e39bf7f3a2aa84fcd770ccd
banners.resultonline.com,AVAILABILITY,origin.list,origin.list,2022-12-31 05:40:52.101527,6e39bf7f3a2aa84fcd770ccd
barnesandnoble.bfast.com,AVAILABILITY,origin.list,origin.list,2022-12-31 05:40:53.497362,6e39bf7f3a2aa84fcd770ccd
bannershotlink.perfectgonzo.com,AVAILABILITY,origin.list,origin.list,2022-12-31 05:40:55.166460,6e39bf7f3a2aa84fcd770ccd
bbelements.com,AVAILABILITY,origin.list,origin.list,2022-12-31 05:40:55.990275,6e39bf7f3a2aa84fcd770ccd
bannersng.yell.com,AVAILABILITY,origin.list,origin.list,2022-12-31 05:40:56.284727,6e39bf7f3a2aa84fcd770ccd
bbn.img.com.ua,AVAILABILITY,origin.list,origin.list,2022-12-31 05:40:56.361567,6e39bf7f3a2aa84fcd770ccd
bcfads.com,AVAILABILITY,origin.list,origin.list,2022-12-31 05:40:56.674225,6e39bf7f3a2aa84fcd770ccd
bans.bride.ru,AVAILABILITY,origin.list,origin.list,2022-12-31 05:41:01.058367,6e39bf7f3a2aa84fcd770ccd
baypops.com,AVAILABILITY,origin.list,origin.list,2022-12-31 05:41:02.646000,6e39bf7f3a2aa84fcd770ccd
bcmediagroup.com,AVAILABILITY,origin.list,origin.list,2022-12-31 05:41:06.885338,6e39bf7f3a2aa84fcd770ccd
best-pr.info,AVAILABILITY,origin.list,origin.list,2022-12-31 05:41:07.298793,6e39bf7f3a2aa84fcd770ccd
best-top.ro,AVAILABILITY,origin.list,origin.list,2022-12-31 05:41:07.721267,6e39bf7f3a2aa84fcd770ccd
begun.ru,AVAILABILITY,origin.list,origin.list,2022-12-31 05:41:12.092491,6e39bf7f3a2aa84fcd770ccd
belstat.com,AVAILABILITY,origin.list,origin.list,2022-12-31 05:41:17.106381,6e39bf7f3a2aa84fcd770ccd
berp.com,AVAILABILITY,origin.list,origin.list,2022-12-31 05:41:23.077974,6e39bf7f3a2aa84fcd770ccd
belstat.nl,AVAILABILITY,origin.list,origin.list,2022-12-31 05:41:23.150033,6e39bf7f3a2aa84fcd770ccd
bestsearch.net,AVAILABILITY,origin.list,origin.list,2022-12-31 05:41:28.174361,6e39bf7f3a2aa84fcd770ccd
bidclix.com,AVAILABILITY,origin.list,origin.list,2022-12-31 05:41:38.600680,6e39bf7f3a2aa84fcd770ccd
bidclix.net,AVAILABILITY,origin.list,origin.list,2022-12-31 05:41:43.520657,6e39bf7f3a2aa84fcd770ccd
bidswitch.net,AVAILABILITY,origin.list,origin.list,2022-12-31 05:41:43.597718,6e39bf7f3a2aa84fcd770ccd
bhclicks.com,AVAILABILITY,origin.list,origin.list,2022-12-31 05:41:49.620610,6e39bf7f3a2aa84fcd770ccd
bidtrk.com,AVAILABILITY,origin.list,origin.list,2022-12-31 05:41:58.488797,6e39bf7f3a2aa84fcd770ccd
bigclicks.com,AVAILABILITY,origin.list,origin.list,2022-12-31 05:42:04.195872,6e39bf7f3a2aa84fcd770ccd
bidvertiser.com,AVAILABILITY,origin.list,origin.list,2022-12-31 05:42:04.299319,6e39bf7f3a2aa84fcd770ccd
bigbangmedia.com,AVAILABILITY,origin.list,origin.list,2022-12-31 05:42:13.903684,6e39bf7f3a2aa84fcd770ccd
billboard.cz,AVAILABILITY,origin.list,origin.list,2022-12-31 05:42:15.916536,6e39bf7f3a2aa84fcd770ccd
bimlocal.com,AVAILABILITY,origin.list,origin.list,2022-12-31 05:42:18.918248,6e39bf7f3a2aa84fcd770ccd
bitads.net,AVAILABILITY,origin.list,origin.list,2022-12-31 05:42:24.638392,6e39bf7f3a2aa84fcd770ccd
bitmedianetwork.com,AVAILABILITY,origin.list,origin.list,2022-12-31 05:42:24.771587,6e39bf7f3a2aa84fcd770ccd
bizrate.com,AVAILABILITY,origin.list,origin.list,2022-12-31 05:42:36.375809,6e39bf7f3a2aa84fcd770ccd
blast4traffic.com,AVAILABILITY,origin.list,origin.list,2022-12-31 05:42:37.793434,6e39bf7f3a2aa84fcd770ccd
blogads.com,AVAILABILITY,origin.list,origin.list,2022-12-31 05:42:40.381811,6e39bf7f3a2aa84fcd770ccd
bizad.nikkeibp.co.jp,AVAILABILITY,origin.list,origin.list,2022-12-31 05:42:42.438544,6e39bf7f3a2aa84fcd770ccd
blogherads.com,AVAILABILITY,origin.list,origin.list,2022-12-31 05:42:53.265413,6e39bf7f3a2aa84fcd770ccd
blogcounter.de,AVAILABILITY,origin.list,origin.list,2022-12-31 05:42:56.810396,6e39bf7f3a2aa84fcd770ccd
blingbucks.com,AVAILABILITY,origin.list,origin.list,2022-12-31 05:42:57.917986,6e39bf7f3a2aa84fcd770ccd
blogtoplist.se,AVAILABILITY,origin.list,origin.list,2022-12-31 05:43:02.881492,6e39bf7f3a2aa84fcd770ccd
blogrush.com,AVAILABILITY,origin.list,origin.list,2022-12-31 05:43:08.372820,6e39bf7f3a2aa84fcd770ccd
blogtopsites.com,AVAILABILITY,origin.list,origin.list,2022-12-31 05:43:13.711029,6e39bf7f3a2aa84fcd770ccd
bluecava.com,AVAILABILITY,origin.list,origin.list,2022-12-31 05:43:18.378824,6e39bf7f3a2aa84fcd770ccd
